HeroName,HeroID,Role,Map,WinRate,PlayRate,BanRate,Point
Abathur,Abathur,Support,Alterac Pass,47.88,22.57,13.7,0
Alarak,Alarak,Melee Assassin,Alterac Pass,51.46,26.85,16.45,0
Alexstrasza,Alexstrasza,Healer,Alterac Pass,49.8,10.71,2.14,0
Ana,Ana,Healer,Alterac Pass,52,32.83,17.49,0
Anduin,Anduin,Healer,Alterac Pass,45.77,21.53,8.51,0
Anub'arak,Anubarak,Tank,Alterac Pass,51.5,34.74,19.81,0
Artanis,Artanis,Bruiser,Alterac Pass,49.67,14.65,2.03,0
Arthas,Arthas,Tank,Alterac Pass,51.22,17.56,4.11,0
Auriel,Auriel,Healer,Alterac Pass,51.03,8.38,1.11,0
Azmodan,Azmodan,Ranged Assassin,Alterac Pass,51.22,26.91,15.5,0
Blaze,Blaze,Tank,Alterac Pass,48.08,5.92,0.34,0
Brightwing,Brightwing,Healer,Alterac Pass,50.02,16.76,3.47,0
Cassia,Cassia,Ranged Assassin,Alterac Pass,48.64,5.94,0.54,0
Chen,Chen,Bruiser,Alterac Pass,51.09,4.9,2.4,0
Cho,Cho,Tank,Alterac Pass,42.65,1.4,0.68,0
Deathwing,Deathwing,Bruiser,Alterac Pass,50.81,11.11,2.25,0
Deckard,Deckard,Healer,Alterac Pass,68.4,3.69,3.09,0
Dehaka,Dehaka,Bruiser,Alterac Pass,47.03,6.61,0.66,0
Diablo,Diablo,Tank,Alterac Pass,46.5,10.23,3.13,0
E.T.C,Etc,Tank,Alterac Pass,46.95,47.5,27.33,0
Falstad,Falstad,Ranged Assassin,Alterac Pass,49.69,3.5,0.17,0
Fenix,Fenix,Ranged Assassin,Alterac Pass,53.52,30.51,10.94,0
Gall,Gall,Ranged Assassin,Alterac Pass,52.85,19.33,3.91,0
Garrosh,Garrosh,Tank,Alterac Pass,54.2,7.74,0.49,0
Gazlowe,Gazlowe,Melee Assassin,Alterac Pass,42.65,1.1,0.38,0
Genji,Genji,Ranged Assassin,Alterac Pass,45.38,33.13,20.73,0
Greymane,Greymane,Ranged Assassin,Alterac Pass,52.25,3.93,0.32,0
Gul'dan,Guldan,Ranged Assassin,Alterac Pass,41.63,8.46,2.2,0
Hanzo,Hanzo,Ranged Assassin,Alterac Pass,48.24,9.4,1.09,0
Illidan,Illidan,Melee Assassin,Alterac Pass,47.64,13.05,2.45,0
Imperius,Imperius,Bruiser,Alterac Pass,48.02,17.83,3.19,0
Jaina,Jaina,Ranged Assassin,Alterac Pass,49.14,7.04,1.77,0
Johanna,Johanna,Tank,Alterac Pass,47.23,12.4,1.26,0
Junkrat,Junkrat,Ranged Assassin,Alterac Pass,52.26,24.48,4.84,0
Kael'thas,Kaelthas,Ranged Assassin,Alterac Pass,51.36,34.58,10.97,0
Kel'Thuzad,Kelthuzad,Ranged Assassin,Alterac Pass,47.16,12.31,2.54,0
Kerrigan,Kerrigan,Melee Assassin,Alterac Pass,51.85,51.96,34.69,0
Kharazim,Kharazim,Healer,Alterac Pass,50.68,14.74,6.38,0
Leoric,Leoric,Bruiser,Alterac Pass,53.84,3.7,0.34,0
Li Li,Lili,Healer,Alterac Pass,50.17,5.28,0.12,0
Li-Ming,Liming,Ranged Assassin,Alterac Pass,50.71,8.86,0.5,0
Lt. Morales,Ltmorales,Healer,Alterac Pass,48.8,22.53,6.16,0
Lúcio,Lucio,Healer,Alterac Pass,46.51,24.58,4.4,0
Lunara,Lunara,Ranged Assassin,Alterac Pass,48.94,9.77,2.59,0
Maiev,Maiev,Melee Assassin,Alterac Pass,53.79,21.01,4.96,0
Mal'Ganis,Malganis,Tank,Alterac Pass,52.19,9.65,0.7,0
Malfurion,Malfurion,Healer,Alterac Pass,47.29,7.59,2.88,0
Malthael,Malthael,Bruiser,Alterac Pass,48.67,8.55,1.2,0
Medivh,Medivh,Support,Alterac Pass,51.78,10.17,3.29,0
Mephisto,Mephisto,Ranged Assassin,Alterac Pass,51.22,7.68,1.24,0
Muradin,Muradin,Tank,Alterac Pass,44.67,4.73,0.71,0
Murky,Murky,Melee Assassin,Alterac Pass,47.53,5.07,0.31,0
Nazeebo,Nazeebo,Ranged Assassin,Alterac Pass,47.77,22.72,2.09,0
Nova,Nova,Ranged Assassin,Alterac Pass,48.71,3.74,0.53,0
Orphea,Orphea,Ranged Assassin,Alterac Pass,50.16,15.73,1.43,0
Probius,Probius,Ranged Assassin,Alterac Pass,45.1,4.03,0.34,0
Qhira,Qhira,Melee Assassin,Alterac Pass,49.21,12.73,2.67,0
Ragnaros,Ragnaros,Bruiser,Alterac Pass,54.02,1.05,0.15,0
Raynor,Raynor,Ranged Assassin,Alterac Pass,48.39,23.7,18.58,0
Rehgar,Rehgar,Healer,Alterac Pass,52.6,8.98,1.6,0
Rexxar,Rexxar,Bruiser,Alterac Pass,53.02,19.99,2.16,0
Samuro,Samuro,Melee Assassin,Alterac Pass,51.39,14.24,1.26,0
Sgt. Hammer,Sgthammer,Ranged Assassin,Alterac Pass,54.19,7.71,1.63,0
Sonya,Sonya,Bruiser,Alterac Pass,51.14,3.35,0.87,0
Stitches,Stitches,Tank,Alterac Pass,51.37,3.43,0.81,0
Stukov,Stukov,Healer,Alterac Pass,49.13,7.06,0.56,0
Sylvanas,Sylvanas,Ranged Assassin,Alterac Pass,47.89,17.53,2.24,0
Tassadar,Tassadar,Support,Alterac Pass,51.43,14.12,3.43,0
The Butcher,Thebutcher,Melee Assassin,Alterac Pass,50.89,18.18,3.61,0
The Lost Vikings,Thelostvikings,Support,Alterac Pass,45.9,2.63,0.28,0
Thrall,Thrall,Bruiser,Alterac Pass,52.15,7.28,1.71,0
Tracer,Tracer,Ranged Assassin,Alterac Pass,45.13,2.46,1.03,0
Tychus,Tychus,Ranged Assassin,Alterac Pass,52.11,19.08,1.02,0
Tyrael,Tyrael,Tank,Alterac Pass,48.05,4.19,0.55,0
Tyrande,Tyrande,Healer,Alterac Pass,47.9,9.22,1.08,0
Uther,Uther,Healer,Alterac Pass,51.54,5.86,0.25,0
Valeera,Valeera,Melee Assassin,Alterac Pass,47.69,8.52,1.21,0
Valla,Valla,Ranged Assassin,Alterac Pass,52.37,10.84,1.45,0
Varian,Varian,Bruiser,Alterac Pass,46.9,3.44,0.53,0
Whitemane,Whitemane,Healer,Alterac Pass,51.76,13.42,1.42,0
Xul,Xul,Bruiser,Alterac Pass,51.51,29.94,10.4,0
Yrel,Yrel,Bruiser,Alterac Pass,49.77,4.9,0.46,0
Zagara,Zagara,Ranged Assassin,Alterac Pass,49.01,2.84,0.1,0
Zarya,Zarya,Support,Alterac Pass,44.76,2.63,0.13,0
Zeratul,Zeratul,Melee Assassin,Alterac Pass,46.62,5.63,0.91,0
Zul'jin,Zuljin,Ranged Assassin,Alterac Pass,51.41,5.07,0.35,0
Chromie,Chromie,Ranged Assassin,Alterac Pass,51.02,18.82,10.88,0
D.Va,Dva,Bruiser,Alterac Pass,51.43,16.05,2.5,0
Abathur,Abathur,Support,Battlefield of Eternity,46.06,6.65,3.17,0
Alarak,Alarak,Melee Assassin,Battlefield of Eternity,55.09,23.77,11.96,0
Alexstrasza,Alexstrasza,Healer,Battlefield of Eternity,46.29,8.63,1.83,0
Ana,Ana,Healer,Battlefield of Eternity,51.82,35.75,20.57,0
Anduin,Anduin,Healer,Battlefield of Eternity,45.9,23.02,8.44,0
Anub'arak,Anubarak,Tank,Battlefield of Eternity,50.73,42.14,26.39,0
Artanis,Artanis,Bruiser,Battlefield of Eternity,52.45,54.41,16.91,0
Arthas,Arthas,Tank,Battlefield of Eternity,52.71,21.02,5.02,0
Auriel,Auriel,Healer,Battlefield of Eternity,50.63,10.55,1.54,0
Azmodan,Azmodan,Ranged Assassin,Battlefield of Eternity,49.98,19.34,11.51,0
Blaze,Blaze,Tank,Battlefield of Eternity,47.54,5.35,0.31,0
Brightwing,Brightwing,Healer,Battlefield of Eternity,49.8,11.7,2.08,0
Cassia,Cassia,Ranged Assassin,Battlefield of Eternity,47.85,7.51,0.84,0
Chen,Chen,Bruiser,Battlefield of Eternity,49.28,5.51,2.3,0
Cho,Cho,Tank,Battlefield of Eternity,41.1,1.63,0.65,0
Deathwing,Deathwing,Bruiser,Battlefield of Eternity,52.87,8.78,1.27,0
Deckard,Deckard,Healer,Battlefield of Eternity,63.35,3.72,3.07,0
Dehaka,Dehaka,Bruiser,Battlefield of Eternity,42.93,5.08,0.5,0
Diablo,Diablo,Tank,Battlefield of Eternity,43.69,2.31,0.36,0
E.T.C,Etc,Tank,Battlefield of Eternity,45.53,54.06,31.52,0
Falstad,Falstad,Ranged Assassin,Battlefield of Eternity,45.6,2.69,0.12,0
Fenix,Fenix,Ranged Assassin,Battlefield of Eternity,53.59,29.4,8.84,0
Gall,Gall,Ranged Assassin,Battlefield of Eternity,49.53,7.03,0.73,0
Garrosh,Garrosh,Tank,Battlefield of Eternity,52.23,7.05,0.5,0
Gazlowe,Gazlowe,Melee Assassin,Battlefield of Eternity,41.1,1.33,0.35,0
Genji,Genji,Ranged Assassin,Battlefield of Eternity,50.83,32.22,17.84,0
Greymane,Greymane,Ranged Assassin,Battlefield of Eternity,49.01,3.99,0.32,0
Gul'dan,Guldan,Ranged Assassin,Battlefield of Eternity,39.73,7.95,2.1,0
Hanzo,Hanzo,Ranged Assassin,Battlefield of Eternity,48.59,25.44,6.36,0
Illidan,Illidan,Melee Assassin,Battlefield of Eternity,45.58,10.32,1.42,0
Imperius,Imperius,Bruiser,Battlefield of Eternity,46.52,25.34,8.14,0
Jaina,Jaina,Ranged Assassin,Battlefield of Eternity,45.63,5.03,1.13,0
Johanna,Johanna,Tank,Battlefield of Eternity,45.72,12.18,1.28,0
Junkrat,Junkrat,Ranged Assassin,Battlefield of Eternity,50.63,22.3,3.73,0
Kael'thas,Kaelthas,Ranged Assassin,Battlefield of Eternity,50.91,36.81,10.89,0
Kel'Thuzad,Kelthuzad,Ranged Assassin,Battlefield of Eternity,47.41,3.35,0.26,0
Kerrigan,Kerrigan,Melee Assassin,Battlefield of Eternity,51.97,47.28,30.71,0
Kharazim,Kharazim,Healer,Battlefield of Eternity,54.63,11.18,3.71,0
Leoric,Leoric,Bruiser,Battlefield of Eternity,51.25,2.88,0.3,0
Li Li,Lili,Healer,Battlefield of Eternity,50.37,7.93,0.35,0
Li-Ming,Liming,Ranged Assassin,Battlefield of Eternity,48.6,7.34,0.53,0
Lt. Morales,Ltmorales,Healer,Battlefield of Eternity,48.6,29.79,7.77,0
Lúcio,Lucio,Healer,Battlefield of Eternity,46.94,35.6,5.31,0
Lunara,Lunara,Ranged Assassin,Battlefield of Eternity,52.05,14.77,3.62,0
Maiev,Maiev,Melee Assassin,Battlefield of Eternity,54.8,19.82,4.33,0
Mal'Ganis,Malganis,Tank,Battlefield of Eternity,50.27,15.99,2.18,0
Malfurion,Malfurion,Healer,Battlefield of Eternity,50.99,6.86,3.1,0
Malthael,Malthael,Bruiser,Battlefield of Eternity,51.46,8.1,1.13,0
Medivh,Medivh,Support,Battlefield of Eternity,50.25,7.9,2.28,0
Mephisto,Mephisto,Ranged Assassin,Battlefield of Eternity,48.99,10.73,2.06,0
Muradin,Muradin,Tank,Battlefield of Eternity,44.48,3.45,0.52,0
Murky,Murky,Melee Assassin,Battlefield of Eternity,48.98,3.34,0.18,0
Nazeebo,Nazeebo,Ranged Assassin,Battlefield of Eternity,46.46,27.64,2.39,0
Nova,Nova,Ranged Assassin,Battlefield of Eternity,50.19,1.72,0.36,0
Orphea,Orphea,Ranged Assassin,Battlefield of Eternity,48.95,10.67,1.06,0
Probius,Probius,Ranged Assassin,Battlefield of Eternity,45.45,3.69,0.31,0
Qhira,Qhira,Melee Assassin,Battlefield of Eternity,49.69,9.95,1.94,0
Ragnaros,Ragnaros,Bruiser,Battlefield of Eternity,45.42,0.88,0.14,0
Raynor,Raynor,Ranged Assassin,Battlefield of Eternity,46.21,13.73,10.75,0
Rehgar,Rehgar,Healer,Battlefield of Eternity,47.64,3.8,0.42,0
Rexxar,Rexxar,Bruiser,Battlefield of Eternity,52.59,34.68,6.14,0
Samuro,Samuro,Melee Assassin,Battlefield of Eternity,51.92,14.64,1.17,0
Sgt. Hammer,Sgthammer,Ranged Assassin,Battlefield of Eternity,54.82,5.27,0.9,0
Sonya,Sonya,Bruiser,Battlefield of Eternity,51.62,3.28,0.58,0
Stitches,Stitches,Tank,Battlefield of Eternity,50.54,5.52,1.2,0
Stukov,Stukov,Healer,Battlefield of Eternity,48.44,8.29,0.55,0
Sylvanas,Sylvanas,Ranged Assassin,Battlefield of Eternity,48.43,14.3,1.47,0
Tassadar,Tassadar,Support,Battlefield of Eternity,51.14,12.82,2.66,0
The Butcher,Thebutcher,Melee Assassin,Battlefield of Eternity,51.87,20.04,4.45,0
The Lost Vikings,Thelostvikings,Support,Battlefield of Eternity,42.73,2.64,0.32,0
Thrall,Thrall,Bruiser,Battlefield of Eternity,47.58,5.88,1.48,0
Tracer,Tracer,Ranged Assassin,Battlefield of Eternity,41.35,0.56,0.29,0
Tychus,Tychus,Ranged Assassin,Battlefield of Eternity,53.59,20.54,1.06,0
Tyrael,Tyrael,Tank,Battlefield of Eternity,46.38,3.69,0.46,0
Tyrande,Tyrande,Healer,Battlefield of Eternity,45.46,8.54,1.25,0
Uther,Uther,Healer,Battlefield of Eternity,50.08,6.43,0.3,0
Valeera,Valeera,Melee Assassin,Battlefield of Eternity,49.51,17.04,2.98,0
Valla,Valla,Ranged Assassin,Battlefield of Eternity,51.04,10.27,1.23,0
Varian,Varian,Bruiser,Battlefield of Eternity,45.43,3.05,0.46,0
Whitemane,Whitemane,Healer,Battlefield of Eternity,52.83,56.24,17.34,0
Xul,Xul,Bruiser,Battlefield of Eternity,52.23,34.39,10.52,0
Yrel,Yrel,Bruiser,Battlefield of Eternity,44.92,3.89,0.28,0
Zagara,Zagara,Ranged Assassin,Battlefield of Eternity,45.71,1.44,0.07,0
Zarya,Zarya,Support,Battlefield of Eternity,42.46,2.4,0.1,0
Zeratul,Zeratul,Melee Assassin,Battlefield of Eternity,43.93,2.69,0.19,0
Zul'jin,Zuljin,Ranged Assassin,Battlefield of Eternity,48.57,4.86,0.36,0
Chromie,Chromie,Ranged Assassin,Battlefield of Eternity,46.16,15.01,9.83,0
D.Va,Dva,Bruiser,Battlefield of Eternity,53.17,22.94,5.08,0
Abathur,Abathur,Support,Braxis Holdout,44.9,3.94,2.02,0
Alarak,Alarak,Melee Assassin,Braxis Holdout,51.49,24.12,14.65,0
Alexstrasza,Alexstrasza,Healer,Braxis Holdout,44.92,7.92,1.36,0
Ana,Ana,Healer,Braxis Holdout,50.91,26.28,11.36,0
Anduin,Anduin,Healer,Braxis Holdout,46.58,12.43,4.62,0
Anub'arak,Anubarak,Tank,Braxis Holdout,53.37,22.09,10.21,0
Artanis,Artanis,Bruiser,Braxis Holdout,51.12,13.21,1.94,0
Arthas,Arthas,Tank,Braxis Holdout,49.51,13.61,2.48,0
Auriel,Auriel,Healer,Braxis Holdout,49.22,12.23,2.13,0
Azmodan,Azmodan,Ranged Assassin,Braxis Holdout,51.49,18.1,9.42,0
Blaze,Blaze,Tank,Braxis Holdout,47.28,4.74,0.33,0
Brightwing,Brightwing,Healer,Braxis Holdout,51.19,13.67,2.6,0
Cassia,Cassia,Ranged Assassin,Braxis Holdout,47.78,4.19,0.29,0
Chen,Chen,Bruiser,Braxis Holdout,50.35,6.62,3.34,0
Cho,Cho,Tank,Braxis Holdout,41.48,1.48,0.57,0
Deathwing,Deathwing,Bruiser,Braxis Holdout,51.29,10.36,2.13,0
Deckard,Deckard,Healer,Braxis Holdout,64.19,3.47,2.88,0
Dehaka,Dehaka,Bruiser,Braxis Holdout,46.35,5.48,0.42,0
Diablo,Diablo,Tank,Braxis Holdout,47.95,4.82,1.17,0
E.T.C,Etc,Tank,Braxis Holdout,44.12,34.38,17.54,0
Falstad,Falstad,Ranged Assassin,Braxis Holdout,45.99,2.93,0.21,0
Fenix,Fenix,Ranged Assassin,Braxis Holdout,53.29,23.19,7.99,0
Gall,Gall,Ranged Assassin,Braxis Holdout,51.07,7.53,0.9,0
Garrosh,Garrosh,Tank,Braxis Holdout,54.16,10.75,1.28,0
Gazlowe,Gazlowe,Melee Assassin,Braxis Holdout,41.48,1.17,0.26,0
Genji,Genji,Ranged Assassin,Braxis Holdout,53.17,30.52,17.48,0
Greymane,Greymane,Ranged Assassin,Braxis Holdout,49.44,3.57,0.33,0
Gul'dan,Guldan,Ranged Assassin,Braxis Holdout,46.08,9.19,2.7,0
Hanzo,Hanzo,Ranged Assassin,Braxis Holdout,47.58,6.67,0.6,0
Illidan,Illidan,Melee Assassin,Braxis Holdout,48.53,29.25,7.35,0
Imperius,Imperius,Bruiser,Braxis Holdout,44.49,10.56,1.66,0
Jaina,Jaina,Ranged Assassin,Braxis Holdout,44.42,2.86,0.5,0
Johanna,Johanna,Tank,Braxis Holdout,47.43,9.22,1.24,0
Junkrat,Junkrat,Ranged Assassin,Braxis Holdout,49.01,19.84,3.43,0
Kael'thas,Kaelthas,Ranged Assassin,Braxis Holdout,50.28,29.84,9.1,0
Kel'Thuzad,Kelthuzad,Ranged Assassin,Braxis Holdout,49.1,7.55,0.96,0
Kerrigan,Kerrigan,Melee Assassin,Braxis Holdout,49.64,45.46,27.62,0
Kharazim,Kharazim,Healer,Braxis Holdout,53.71,16.12,5.54,0
Leoric,Leoric,Bruiser,Braxis Holdout,48.99,2.49,0.19,0
Li Li,Lili,Healer,Braxis Holdout,49.12,3.34,0.11,0
Li-Ming,Liming,Ranged Assassin,Braxis Holdout,49.92,8.27,0.67,0
Lt. Morales,Ltmorales,Healer,Braxis Holdout,48.31,16.52,4.38,0
Lúcio,Lucio,Healer,Braxis Holdout,48.07,12.92,2.47,0
Lunara,Lunara,Ranged Assassin,Braxis Holdout,54.62,12.26,2.76,0
Maiev,Maiev,Melee Assassin,Braxis Holdout,51.63,15.9,3.54,0
Mal'Ganis,Malganis,Tank,Braxis Holdout,50.21,7.17,0.51,0
Malfurion,Malfurion,Healer,Braxis Holdout,49.49,5.87,2.09,0
Malthael,Malthael,Bruiser,Braxis Holdout,51.24,8.39,1.11,0
Medivh,Medivh,Support,Braxis Holdout,51.85,7.87,2.5,0
Mephisto,Mephisto,Ranged Assassin,Braxis Holdout,50.84,7.82,1.71,0
Muradin,Muradin,Tank,Braxis Holdout,47.32,2.6,0.44,0
Murky,Murky,Melee Assassin,Braxis Holdout,50.35,3.51,0.17,0
Nazeebo,Nazeebo,Ranged Assassin,Braxis Holdout,47.24,16.34,1.29,0
Nova,Nova,Ranged Assassin,Braxis Holdout,43.94,1.43,0.3,0
Orphea,Orphea,Ranged Assassin,Braxis Holdout,45.27,8.92,0.86,0
Probius,Probius,Ranged Assassin,Braxis Holdout,46.99,2.43,0.2,0
Qhira,Qhira,Melee Assassin,Braxis Holdout,50.64,9.09,1.59,0
Ragnaros,Ragnaros,Bruiser,Braxis Holdout,52.74,1.21,0.13,0
Raynor,Raynor,Ranged Assassin,Braxis Holdout,48.52,21.57,16.44,0
Rehgar,Rehgar,Healer,Braxis Holdout,48.3,24.88,10.42,0
Rexxar,Rexxar,Bruiser,Braxis Holdout,51.54,17.72,1.36,0
Samuro,Samuro,Melee Assassin,Braxis Holdout,49.91,8.93,0.63,0
Sgt. Hammer,Sgthammer,Ranged Assassin,Braxis Holdout,60.36,29.74,15.22,0
Sonya,Sonya,Bruiser,Braxis Holdout,45.19,1.52,0.29,0
Stitches,Stitches,Tank,Braxis Holdout,52.79,3.89,0.71,0
Stukov,Stukov,Healer,Braxis Holdout,50.48,8.21,0.97,0
Sylvanas,Sylvanas,Ranged Assassin,Braxis Holdout,49.28,14.37,1.36,0
Tassadar,Tassadar,Support,Braxis Holdout,51.48,14.58,3.57,0
The Butcher,Thebutcher,Melee Assassin,Braxis Holdout,51.12,16.85,3.31,0
The Lost Vikings,Thelostvikings,Support,Braxis Holdout,39.04,1.85,0.19,0
Thrall,Thrall,Bruiser,Braxis Holdout,48.54,4.55,1.11,0
Tracer,Tracer,Ranged Assassin,Braxis Holdout,29.49,0.37,0.17,0
Tychus,Tychus,Ranged Assassin,Braxis Holdout,48.99,14.02,0.88,0
Tyrael,Tyrael,Tank,Braxis Holdout,43.5,2.07,0.25,0
Tyrande,Tyrande,Healer,Braxis Holdout,48.89,6.68,0.79,0
Uther,Uther,Healer,Braxis Holdout,48.82,3.3,0.14,0
Valeera,Valeera,Melee Assassin,Braxis Holdout,52.97,6.11,0.68,0
Valla,Valla,Ranged Assassin,Braxis Holdout,50.3,6.31,0.7,0
Varian,Varian,Bruiser,Braxis Holdout,48.91,2.3,0.3,0
Whitemane,Whitemane,Healer,Braxis Holdout,48.64,12.31,1.23,0
Xul,Xul,Bruiser,Braxis Holdout,51.04,23.69,8.2,0
Yrel,Yrel,Bruiser,Braxis Holdout,45.89,3.97,0.31,0
Zagara,Zagara,Ranged Assassin,Braxis Holdout,45.53,2.01,0.12,0
Zarya,Zarya,Support,Braxis Holdout,44.96,2.29,0.18,0
Zeratul,Zeratul,Melee Assassin,Braxis Holdout,53.36,6.86,1.01,0
Zul'jin,Zuljin,Ranged Assassin,Braxis Holdout,52.19,4.37,0.44,0
Chromie,Chromie,Ranged Assassin,Braxis Holdout,50.92,7.32,4.1,0
D.Va,Dva,Bruiser,Braxis Holdout,54.44,15.97,2.06,0
Abathur,Abathur,Support,Cursed Hollow,50.27,40.3,23.22,0
Alarak,Alarak,Melee Assassin,Cursed Hollow,51.55,30.5,18.63,0
Alexstrasza,Alexstrasza,Healer,Cursed Hollow,50,11.76,2.25,0
Ana,Ana,Healer,Cursed Hollow,48.37,39.04,21.65,0
Anduin,Anduin,Healer,Cursed Hollow,48.41,26.52,10.07,0
Anub'arak,Anubarak,Tank,Cursed Hollow,51.15,45.45,27.23,0
Artanis,Artanis,Bruiser,Cursed Hollow,50.98,18.04,2.3,0
Arthas,Arthas,Tank,Cursed Hollow,52.7,22.14,5.46,0
Auriel,Auriel,Healer,Cursed Hollow,52.01,9.24,1.1,0
Azmodan,Azmodan,Ranged Assassin,Cursed Hollow,47.37,31.93,18.57,0
Blaze,Blaze,Tank,Cursed Hollow,47.2,6.19,0.33,0
Brightwing,Brightwing,Healer,Cursed Hollow,48.32,30.63,7.71,0
Cassia,Cassia,Ranged Assassin,Cursed Hollow,50.84,7.32,0.71,0
Chen,Chen,Bruiser,Cursed Hollow,50.36,6.76,2.79,0
Cho,Cho,Tank,Cursed Hollow,41.42,1.37,0.67,0
Deathwing,Deathwing,Bruiser,Cursed Hollow,48.22,10.35,1.97,0
Deckard,Deckard,Healer,Cursed Hollow,69.77,3.64,3.09,0
Dehaka,Dehaka,Bruiser,Cursed Hollow,44.62,6.72,0.55,0
Diablo,Diablo,Tank,Cursed Hollow,49.05,29.69,10.98,0
E.T.C,Etc,Tank,Cursed Hollow,47.41,65.09,36.27,0
Falstad,Falstad,Ranged Assassin,Cursed Hollow,47.55,3.45,0.15,0
Fenix,Fenix,Ranged Assassin,Cursed Hollow,53.06,40.1,13.69,0
Gall,Gall,Ranged Assassin,Cursed Hollow,51.7,42.74,11.54,0
Garrosh,Garrosh,Tank,Cursed Hollow,52.4,8.81,0.45,0
Gazlowe,Gazlowe,Melee Assassin,Cursed Hollow,41.26,1.08,0.38,0
Genji,Genji,Ranged Assassin,Cursed Hollow,45.64,34.99,20.99,0
Greymane,Greymane,Ranged Assassin,Cursed Hollow,53.15,4.56,0.38,0
Gul'dan,Guldan,Ranged Assassin,Cursed Hollow,45.44,11.54,2.81,0
Hanzo,Hanzo,Ranged Assassin,Cursed Hollow,50.89,14.96,1.53,0
Illidan,Illidan,Melee Assassin,Cursed Hollow,44.13,13.87,2.27,0
Imperius,Imperius,Bruiser,Cursed Hollow,46.91,23.68,4.01,0
Jaina,Jaina,Ranged Assassin,Cursed Hollow,49.34,14.45,3.92,0
Johanna,Johanna,Tank,Cursed Hollow,49.66,13.39,1.35,0
Junkrat,Junkrat,Ranged Assassin,Cursed Hollow,52.64,30.07,5.68,0
Kael'thas,Kaelthas,Ranged Assassin,Cursed Hollow,51.2,38.5,11.91,0
Kel'Thuzad,Kelthuzad,Ranged Assassin,Cursed Hollow,45.71,8.05,0.86,0
Kerrigan,Kerrigan,Melee Assassin,Cursed Hollow,50.65,61.73,40.99,0
Kharazim,Kharazim,Healer,Cursed Hollow,45.87,14.45,6.48,0
Leoric,Leoric,Bruiser,Cursed Hollow,52.61,4.48,0.38,0
Li Li,Lili,Healer,Cursed Hollow,50.5,7.29,0.25,0
Li-Ming,Liming,Ranged Assassin,Cursed Hollow,49.67,9.7,0.6,0
Lt. Morales,Ltmorales,Healer,Cursed Hollow,49.52,28.04,7.46,0
Lúcio,Lucio,Healer,Cursed Hollow,47.9,31.5,5.16,0
Lunara,Lunara,Ranged Assassin,Cursed Hollow,47.83,11.83,3.07,0
Maiev,Maiev,Melee Assassin,Cursed Hollow,51.63,23.57,4.98,0
Mal'Ganis,Malganis,Tank,Cursed Hollow,52.91,11.29,0.83,0
Malfurion,Malfurion,Healer,Cursed Hollow,48.84,8.27,3.27,0
Malthael,Malthael,Bruiser,Cursed Hollow,48.06,9.87,1.3,0
Medivh,Medivh,Support,Cursed Hollow,53.5,11.39,3.46,0
Mephisto,Mephisto,Ranged Assassin,Cursed Hollow,51.66,10.01,1.28,0
Muradin,Muradin,Tank,Cursed Hollow,46.28,5.88,0.95,0
Murky,Murky,Melee Assassin,Cursed Hollow,47.35,5.2,0.28,0
Nazeebo,Nazeebo,Ranged Assassin,Cursed Hollow,48.14,28.97,2.57,0
Nova,Nova,Ranged Assassin,Cursed Hollow,47.6,5.44,0.7,0
Orphea,Orphea,Ranged Assassin,Cursed Hollow,48.27,17.42,1.69,0
Probius,Probius,Ranged Assassin,Cursed Hollow,46.79,5.74,0.39,0
Qhira,Qhira,Melee Assassin,Cursed Hollow,50.88,14.7,2.67,0
Ragnaros,Ragnaros,Bruiser,Cursed Hollow,46.9,1.02,0.15,0
Raynor,Raynor,Ranged Assassin,Cursed Hollow,47.65,22.91,17.76,0
Rehgar,Rehgar,Healer,Cursed Hollow,56.09,9.67,1.39,0
Rexxar,Rexxar,Bruiser,Cursed Hollow,53.69,24.27,2.38,0
Samuro,Samuro,Melee Assassin,Cursed Hollow,52.87,18.86,1.34,0
Sgt. Hammer,Sgthammer,Ranged Assassin,Cursed Hollow,55.52,7.57,1.2,0
Sonya,Sonya,Bruiser,Cursed Hollow,52.89,4.64,1.08,0
Stitches,Stitches,Tank,Cursed Hollow,50.32,3.55,0.75,0
Stukov,Stukov,Healer,Cursed Hollow,48.71,8.89,0.54,0
Sylvanas,Sylvanas,Ranged Assassin,Cursed Hollow,44.95,17.96,1.78,0
Tassadar,Tassadar,Support,Cursed Hollow,51.09,14.06,3.09,0
The Butcher,Thebutcher,Melee Assassin,Cursed Hollow,51.33,21.45,4.05,0
The Lost Vikings,Thelostvikings,Support,Cursed Hollow,44.57,2.86,0.28,0
Thrall,Thrall,Bruiser,Cursed Hollow,50.39,9.41,2.18,0
Tracer,Tracer,Ranged Assassin,Cursed Hollow,51.97,4.22,1.41,0
Tychus,Tychus,Ranged Assassin,Cursed Hollow,51.07,19.49,1,0
Tyrael,Tyrael,Tank,Cursed Hollow,51.04,5.26,0.67,0
Tyrande,Tyrande,Healer,Cursed Hollow,51.52,11.1,1.27,0
Uther,Uther,Healer,Cursed Hollow,52.1,8.55,0.45,0
Valeera,Valeera,Melee Assassin,Cursed Hollow,51.53,11.78,1.8,0
Valla,Valla,Ranged Assassin,Cursed Hollow,55.21,14.14,2.03,0
Varian,Varian,Bruiser,Cursed Hollow,46.94,4.93,0.73,0
Whitemane,Whitemane,Healer,Cursed Hollow,50.88,16.31,1.63,0
Xul,Xul,Bruiser,Cursed Hollow,51.49,34.91,11.87,0
Yrel,Yrel,Bruiser,Cursed Hollow,46.48,5.23,0.49,0
Zagara,Zagara,Ranged Assassin,Cursed Hollow,49.3,3.24,0.1,0
Zarya,Zarya,Support,Cursed Hollow,45.37,2.64,0.12,0
Zeratul,Zeratul,Melee Assassin,Cursed Hollow,50.37,9.11,1.57,0
Zul'jin,Zuljin,Ranged Assassin,Cursed Hollow,49.21,5.58,0.34,0
Chromie,Chromie,Ranged Assassin,Cursed Hollow,48.96,24.4,14.17,0
D.Va,Dva,Bruiser,Cursed Hollow,50.7,15.8,2.48,0
Abathur,Abathur,Support,Dragon Shire,45.83,15.28,8.48,0
Alarak,Alarak,Melee Assassin,Dragon Shire,53.2,31.88,19.15,0
Alexstrasza,Alexstrasza,Healer,Dragon Shire,45.93,9.71,2.05,0
Ana,Ana,Healer,Dragon Shire,47.21,37.05,20.96,0
Anduin,Anduin,Healer,Dragon Shire,45.34,24.85,9.54,0
Anub'arak,Anubarak,Tank,Dragon Shire,53.56,41.38,25.58,0
Artanis,Artanis,Bruiser,Dragon Shire,48.26,18.34,2.57,0
Arthas,Arthas,Tank,Dragon Shire,51.22,19.47,4.65,0
Auriel,Auriel,Healer,Dragon Shire,53.42,9.57,1.34,0
Azmodan,Azmodan,Ranged Assassin,Dragon Shire,50.05,25.61,14.99,0
Blaze,Blaze,Tank,Dragon Shire,48.81,5.66,0.34,0
Brightwing,Brightwing,Healer,Dragon Shire,52,33.44,8.66,0
Cassia,Cassia,Ranged Assassin,Dragon Shire,47.7,6.76,0.59,0
Chen,Chen,Bruiser,Dragon Shire,49.26,8.99,4.27,0
Cho,Cho,Tank,Dragon Shire,41.79,1.38,0.66,0
Deathwing,Deathwing,Bruiser,Dragon Shire,50.11,9.76,1.88,0
Deckard,Deckard,Healer,Dragon Shire,62.9,3.64,3.07,0
Dehaka,Dehaka,Bruiser,Dragon Shire,44.97,5.63,0.49,0
Diablo,Diablo,Tank,Dragon Shire,50.1,22.5,10.1,0
E.T.C,Etc,Tank,Dragon Shire,48.17,57.78,32.71,0
Falstad,Falstad,Ranged Assassin,Dragon Shire,49.55,3.02,0.16,0
Fenix,Fenix,Ranged Assassin,Dragon Shire,52.13,37.05,13.16,0
Gall,Gall,Ranged Assassin,Dragon Shire,52.73,35.75,10.71,0
Garrosh,Garrosh,Tank,Dragon Shire,51.77,9.33,0.57,0
Gazlowe,Gazlowe,Melee Assassin,Dragon Shire,41.94,1.11,0.38,0
Genji,Genji,Ranged Assassin,Dragon Shire,46.51,37.81,22.05,0
Greymane,Greymane,Ranged Assassin,Dragon Shire,53,5.08,0.39,0
Gul'dan,Guldan,Ranged Assassin,Dragon Shire,43.14,10.63,2.8,0
Hanzo,Hanzo,Ranged Assassin,Dragon Shire,50.78,12.48,1.27,0
Illidan,Illidan,Melee Assassin,Dragon Shire,48.34,13.54,2.13,0
Imperius,Imperius,Bruiser,Dragon Shire,45.97,20.39,3.47,0
Jaina,Jaina,Ranged Assassin,Dragon Shire,46.18,8.74,2.15,0
Johanna,Johanna,Tank,Dragon Shire,46.37,13.7,1.57,0
Junkrat,Junkrat,Ranged Assassin,Dragon Shire,52.99,29.15,5.09,0
Kael'thas,Kaelthas,Ranged Assassin,Dragon Shire,51.86,36.43,12.06,0
Kel'Thuzad,Kelthuzad,Ranged Assassin,Dragon Shire,49.93,8.28,0.99,0
Kerrigan,Kerrigan,Melee Assassin,Dragon Shire,52.17,58.5,38,0
Kharazim,Kharazim,Healer,Dragon Shire,49.01,14.19,5.75,0
Leoric,Leoric,Bruiser,Dragon Shire,54.5,4.61,0.36,0
Li Li,Lili,Healer,Dragon Shire,50.82,6.84,0.22,0
Li-Ming,Liming,Ranged Assassin,Dragon Shire,51.89,11.02,0.85,0
Lt. Morales,Ltmorales,Healer,Dragon Shire,49.2,25.99,7.01,0
Lúcio,Lucio,Healer,Dragon Shire,43.47,26.06,4.43,0
Lunara,Lunara,Ranged Assassin,Dragon Shire,49.03,11.96,3.16,0
Maiev,Maiev,Melee Assassin,Dragon Shire,49.33,20.75,4.84,0
Mal'Ganis,Malganis,Tank,Dragon Shire,49.84,11.71,0.91,0
Malfurion,Malfurion,Healer,Dragon Shire,49.8,8.58,3.51,0
Malthael,Malthael,Bruiser,Dragon Shire,48.77,9.63,1.34,0
Medivh,Medivh,Support,Dragon Shire,47.88,10.46,3.34,0
Mephisto,Mephisto,Ranged Assassin,Dragon Shire,52.94,10.5,1.86,0
Muradin,Muradin,Tank,Dragon Shire,46.64,4.74,0.79,0
Murky,Murky,Melee Assassin,Dragon Shire,47.78,4.07,0.22,0
Nazeebo,Nazeebo,Ranged Assassin,Dragon Shire,49.25,27.86,2.79,0
Nova,Nova,Ranged Assassin,Dragon Shire,54.12,4.57,0.68,0
Orphea,Orphea,Ranged Assassin,Dragon Shire,48.71,18.14,1.49,0
Probius,Probius,Ranged Assassin,Dragon Shire,47.95,5.39,0.41,0
Qhira,Qhira,Melee Assassin,Dragon Shire,49.24,13.91,2.38,0
Ragnaros,Ragnaros,Bruiser,Dragon Shire,52.93,1.21,0.19,0
Raynor,Raynor,Ranged Assassin,Dragon Shire,43.75,23.29,17.99,0
Rehgar,Rehgar,Healer,Dragon Shire,54.66,6.63,0.97,0
Rexxar,Rexxar,Bruiser,Dragon Shire,51.79,23.82,2.49,0
Samuro,Samuro,Melee Assassin,Dragon Shire,55.22,17.83,1.36,0
Sgt. Hammer,Sgthammer,Ranged Assassin,Dragon Shire,59.16,25.51,10.81,0
Sonya,Sonya,Bruiser,Dragon Shire,51.93,3.82,0.76,0
Stitches,Stitches,Tank,Dragon Shire,49.12,3.57,0.79,0
Stukov,Stukov,Healer,Dragon Shire,50.58,9.9,0.82,0
Sylvanas,Sylvanas,Ranged Assassin,Dragon Shire,47.79,18.26,1.87,0
Tassadar,Tassadar,Support,Dragon Shire,47.7,11.88,2.47,0
The Butcher,Thebutcher,Melee Assassin,Dragon Shire,50.1,21.06,3.69,0
The Lost Vikings,Thelostvikings,Support,Dragon Shire,47.44,2.8,0.29,0
Thrall,Thrall,Bruiser,Dragon Shire,51.17,9.6,2.13,0
Tracer,Tracer,Ranged Assassin,Dragon Shire,52.13,1.75,0.6,0
Tychus,Tychus,Ranged Assassin,Dragon Shire,49.64,20.82,1.35,0
Tyrael,Tyrael,Tank,Dragon Shire,46.53,4.72,0.6,0
Tyrande,Tyrande,Healer,Dragon Shire,49.41,11.74,1.46,0
Uther,Uther,Healer,Dragon Shire,49.17,6.46,0.39,0
Valeera,Valeera,Melee Assassin,Dragon Shire,51.88,11.28,1.64,0
Valla,Valla,Ranged Assassin,Dragon Shire,54.71,12.94,1.91,0
Varian,Varian,Bruiser,Dragon Shire,48.49,4.97,0.72,0
Whitemane,Whitemane,Healer,Dragon Shire,49.17,17.55,1.74,0
Xul,Xul,Bruiser,Dragon Shire,49.11,34.56,12.06,0
Yrel,Yrel,Bruiser,Dragon Shire,48.21,5.11,0.45,0
Zagara,Zagara,Ranged Assassin,Dragon Shire,50.88,3.52,0.18,0
Zarya,Zarya,Support,Dragon Shire,45.71,3.64,0.23,0
Zeratul,Zeratul,Melee Assassin,Dragon Shire,52.53,8.6,1.19,0
Zul'jin,Zuljin,Ranged Assassin,Dragon Shire,49.76,4.63,0.35,0
Chromie,Chromie,Ranged Assassin,Dragon Shire,49.38,21.84,13.13,0
D.Va,Dva,Bruiser,Dragon Shire,52.8,19.34,2.84,0
Abathur,Abathur,Support,Hanamura Temple,46.63,9.83,6.11,0
Alarak,Alarak,Melee Assassin,Hanamura Temple,51.58,30.59,20.07,0
Alexstrasza,Alexstrasza,Healer,Hanamura Temple,48.14,7.36,1.6,0
Ana,Ana,Healer,Hanamura Temple,48.37,30.01,19.77,0
Anduin,Anduin,Healer,Hanamura Temple,47,29.92,11.42,0
Anub'arak,Anubarak,Tank,Hanamura Temple,46.48,34.9,24.15,0
Artanis,Artanis,Bruiser,Hanamura Temple,54.24,22.78,5.13,0
Arthas,Arthas,Tank,Hanamura Temple,51.93,17.42,5.16,0
Auriel,Auriel,Healer,Hanamura Temple,49.04,8.49,1.39,0
Azmodan,Azmodan,Ranged Assassin,Hanamura Temple,49.6,20.93,12.93,0
Blaze,Blaze,Tank,Hanamura Temple,49.04,5.67,0.41,0
Brightwing,Brightwing,Healer,Hanamura Temple,47.18,14.1,3.29,0
Cassia,Cassia,Ranged Assassin,Hanamura Temple,50.55,6.06,0.65,0
Chen,Chen,Bruiser,Hanamura Temple,51.1,9.07,4.27,0
Cho,Cho,Tank,Hanamura Temple,35.17,1.87,0.79,0
Deathwing,Deathwing,Bruiser,Hanamura Temple,50.05,6.93,1.22,0
Deckard,Deckard,Healer,Hanamura Temple,62.26,3.62,3.08,0
Dehaka,Dehaka,Bruiser,Hanamura Temple,43.85,4.68,0.51,0
Diablo,Diablo,Tank,Hanamura Temple,42.76,3.05,0.84,0
E.T.C,Etc,Tank,Hanamura Temple,42.87,40.68,26.84,0
Falstad,Falstad,Ranged Assassin,Hanamura Temple,45.37,2.8,0.19,0
Fenix,Fenix,Ranged Assassin,Hanamura Temple,54.88,34.14,13.85,0
Gall,Gall,Ranged Assassin,Hanamura Temple,49.96,11.97,2.34,0
Garrosh,Garrosh,Tank,Hanamura Temple,52.71,7.52,0.52,0
Gazlowe,Gazlowe,Melee Assassin,Hanamura Temple,35.17,1.46,0.38,0
Genji,Genji,Ranged Assassin,Hanamura Temple,47.59,32.86,21.44,0
Greymane,Greymane,Ranged Assassin,Hanamura Temple,50.91,3,0.29,0
Gul'dan,Guldan,Ranged Assassin,Hanamura Temple,43.57,9.05,2.85,0
Hanzo,Hanzo,Ranged Assassin,Hanamura Temple,51.1,11.46,1.5,0
Illidan,Illidan,Melee Assassin,Hanamura Temple,46.3,13.1,2.5,0
Imperius,Imperius,Bruiser,Hanamura Temple,44.34,14.41,3.5,0
Jaina,Jaina,Ranged Assassin,Hanamura Temple,48.23,6.22,1.77,0
Johanna,Johanna,Tank,Hanamura Temple,48.4,11.09,1.49,0
Junkrat,Junkrat,Ranged Assassin,Hanamura Temple,53.84,23.57,5.43,0
Kael'thas,Kaelthas,Ranged Assassin,Hanamura Temple,52.87,35.43,13.31,0
Kel'Thuzad,Kelthuzad,Ranged Assassin,Hanamura Temple,45.19,5.99,0.9,0
Kerrigan,Kerrigan,Melee Assassin,Hanamura Temple,50.63,51.78,37.11,0
Kharazim,Kharazim,Healer,Hanamura Temple,47.25,13.86,6.81,0
Leoric,Leoric,Bruiser,Hanamura Temple,53.08,3.26,0.36,0
Li Li,Lili,Healer,Hanamura Temple,50.17,4.68,0.2,0
Li-Ming,Liming,Ranged Assassin,Hanamura Temple,50.35,7.68,0.64,0
Lt. Morales,Ltmorales,Healer,Hanamura Temple,50.63,22.36,6.83,0
Lúcio,Lucio,Healer,Hanamura Temple,47.57,25.85,5.05,0
Lunara,Lunara,Ranged Assassin,Hanamura Temple,53.02,10.12,2.97,0
Maiev,Maiev,Melee Assassin,Hanamura Temple,53.55,20.82,5.62,0
Mal'Ganis,Malganis,Tank,Hanamura Temple,54.14,11.29,1.08,0
Malfurion,Malfurion,Healer,Hanamura Temple,48.84,6.38,2.6,0
Malthael,Malthael,Bruiser,Hanamura Temple,49.49,7.79,1.19,0
Medivh,Medivh,Support,Hanamura Temple,53.84,9.68,2.89,0
Mephisto,Mephisto,Ranged Assassin,Hanamura Temple,48.66,8.33,1.78,0
Muradin,Muradin,Tank,Hanamura Temple,46.16,4.16,0.8,0
Murky,Murky,Melee Assassin,Hanamura Temple,50.37,4.97,0.39,0
Nazeebo,Nazeebo,Ranged Assassin,Hanamura Temple,47.92,24.21,2.85,0
Nova,Nova,Ranged Assassin,Hanamura Temple,46.84,1.97,0.41,0
Orphea,Orphea,Ranged Assassin,Hanamura Temple,43.91,10.21,1.18,0
Probius,Probius,Ranged Assassin,Hanamura Temple,46.36,4.8,0.44,0
Qhira,Qhira,Melee Assassin,Hanamura Temple,49.32,10.67,1.96,0
Ragnaros,Ragnaros,Bruiser,Hanamura Temple,50,0.65,0.11,0
Raynor,Raynor,Ranged Assassin,Hanamura Temple,43.98,24.46,19.24,0
Rehgar,Rehgar,Healer,Hanamura Temple,50.39,4.41,0.8,0
Rexxar,Rexxar,Bruiser,Hanamura Temple,53.07,20.59,2.63,0
Samuro,Samuro,Melee Assassin,Hanamura Temple,53.84,13.33,1.35,0
Sgt. Hammer,Sgthammer,Ranged Assassin,Hanamura Temple,59.32,12.22,4.64,0
Sonya,Sonya,Bruiser,Hanamura Temple,49.51,3.28,0.93,0
Stitches,Stitches,Tank,Hanamura Temple,50.83,2.66,0.64,0
Stukov,Stukov,Healer,Hanamura Temple,51.08,7.73,0.79,0
Sylvanas,Sylvanas,Ranged Assassin,Hanamura Temple,47.6,13.73,1.7,0
Tassadar,Tassadar,Support,Hanamura Temple,52.69,11.89,2.89,0
The Butcher,Thebutcher,Melee Assassin,Hanamura Temple,51.25,18.93,4.94,0
The Lost Vikings,Thelostvikings,Support,Hanamura Temple,44.8,2.8,0.32,0
Thrall,Thrall,Bruiser,Hanamura Temple,48.99,7.1,2.11,0
Tracer,Tracer,Ranged Assassin,Hanamura Temple,40.18,0.61,0.32,0
Tychus,Tychus,Ranged Assassin,Hanamura Temple,50.84,20.54,1.67,0
Tyrael,Tyrael,Tank,Hanamura Temple,51.31,4.91,0.88,0
Tyrande,Tyrande,Healer,Hanamura Temple,49.9,9.23,1.4,0
Uther,Uther,Healer,Hanamura Temple,51.92,5.44,0.35,0
Valeera,Valeera,Melee Assassin,Hanamura Temple,51.02,7.87,1.31,0
Valla,Valla,Ranged Assassin,Hanamura Temple,52.84,10.56,1.78,0
Varian,Varian,Bruiser,Hanamura Temple,48.66,3.67,0.8,0
Whitemane,Whitemane,Healer,Hanamura Temple,52.1,17.06,1.97,0
Xul,Xul,Bruiser,Hanamura Temple,51.08,31.32,12.37,0
Yrel,Yrel,Bruiser,Hanamura Temple,46.05,3.97,0.36,0
Zagara,Zagara,Ranged Assassin,Hanamura Temple,48.88,1.92,0.09,0
Zarya,Zarya,Support,Hanamura Temple,47.27,2.49,0.14,0
Zeratul,Zeratul,Melee Assassin,Hanamura Temple,47.68,4.11,0.67,0
Zul'jin,Zuljin,Ranged Assassin,Hanamura Temple,51.45,5.42,0.72,0
Chromie,Chromie,Ranged Assassin,Hanamura Temple,47.28,15.29,10.48,0
D.Va,Dva,Bruiser,Hanamura Temple,50.36,16.94,3.01,0
Abathur,Abathur,Support,Infernal Shrines,46.86,18,9.93,0
Alarak,Alarak,Melee Assassin,Infernal Shrines,50.57,32.27,19.71,0
Alexstrasza,Alexstrasza,Healer,Infernal Shrines,48.36,23.1,6,0
Ana,Ana,Healer,Infernal Shrines,50.16,42.33,24.19,0
Anduin,Anduin,Healer,Infernal Shrines,47.05,28.9,11.06,0
Anub'arak,Anubarak,Tank,Infernal Shrines,50.92,47,30.08,0
Artanis,Artanis,Bruiser,Infernal Shrines,49.02,17.64,2.69,0
Arthas,Arthas,Tank,Infernal Shrines,51.06,24.82,6.06,0
Auriel,Auriel,Healer,Infernal Shrines,53.58,12.62,1.75,0
Azmodan,Azmodan,Ranged Assassin,Infernal Shrines,50.87,43.73,24.61,0
Blaze,Blaze,Tank,Infernal Shrines,48.63,9.74,0.69,0
Brightwing,Brightwing,Healer,Infernal Shrines,48.61,17.52,3.42,0
Cassia,Cassia,Ranged Assassin,Infernal Shrines,48.09,6.79,0.64,0
Chen,Chen,Bruiser,Infernal Shrines,43.81,6.93,3.02,0
Cho,Cho,Tank,Infernal Shrines,48.89,2.09,0.93,0
Deathwing,Deathwing,Bruiser,Infernal Shrines,48.24,9.75,2.11,0
Deckard,Deckard,Healer,Infernal Shrines,61.68,3.62,3.07,0
Dehaka,Dehaka,Bruiser,Infernal Shrines,45.27,7.83,0.7,0
Diablo,Diablo,Tank,Infernal Shrines,48.02,9.85,2.16,0
E.T.C,Etc,Tank,Infernal Shrines,45.5,66.15,38.95,0
Falstad,Falstad,Ranged Assassin,Infernal Shrines,51.6,5.69,0.33,0
Fenix,Fenix,Ranged Assassin,Infernal Shrines,53.51,38.64,14.05,0
Gall,Gall,Ranged Assassin,Infernal Shrines,52.23,17.43,2.37,0
Garrosh,Garrosh,Tank,Infernal Shrines,52.3,10.41,0.63,0
Gazlowe,Gazlowe,Melee Assassin,Infernal Shrines,48.78,1.64,0.48,0
Genji,Genji,Ranged Assassin,Infernal Shrines,46.08,36.09,22.26,0
Greymane,Greymane,Ranged Assassin,Infernal Shrines,52.6,6.56,0.56,0
Gul'dan,Guldan,Ranged Assassin,Infernal Shrines,41.21,9.1,2.47,0
Hanzo,Hanzo,Ranged Assassin,Infernal Shrines,51.71,13.46,1.45,0
Illidan,Illidan,Melee Assassin,Infernal Shrines,48.9,28.22,6.51,0
Imperius,Imperius,Bruiser,Infernal Shrines,45.9,23,4.18,0
Jaina,Jaina,Ranged Assassin,Infernal Shrines,49.09,7.89,1.92,0
Johanna,Johanna,Tank,Infernal Shrines,43.47,14.11,1.61,0
Junkrat,Junkrat,Ranged Assassin,Infernal Shrines,50.04,38.12,8.89,0
Kael'thas,Kaelthas,Ranged Assassin,Infernal Shrines,51.78,50.99,15.3,0
Kel'Thuzad,Kelthuzad,Ranged Assassin,Infernal Shrines,51.53,11.66,1.31,0
Kerrigan,Kerrigan,Melee Assassin,Infernal Shrines,52.69,76.43,48.26,0
Kharazim,Kharazim,Healer,Infernal Shrines,54.21,18.5,7.6,0
Leoric,Leoric,Bruiser,Infernal Shrines,54.84,10.43,1.61,0
Li Li,Lili,Healer,Infernal Shrines,48.89,6.26,0.19,0
Li-Ming,Liming,Ranged Assassin,Infernal Shrines,51.95,15.65,1.28,0
Lt. Morales,Ltmorales,Healer,Infernal Shrines,48.52,26.89,7.51,0
Lúcio,Lucio,Healer,Infernal Shrines,44.11,17.37,3.68,0
Lunara,Lunara,Ranged Assassin,Infernal Shrines,48.95,12.03,3.19,0
Maiev,Maiev,Melee Assassin,Infernal Shrines,50.08,23.59,5.2,0
Mal'Ganis,Malganis,Tank,Infernal Shrines,51.28,11.15,0.89,0
Malfurion,Malfurion,Healer,Infernal Shrines,50.12,10.9,4.37,0
Malthael,Malthael,Bruiser,Infernal Shrines,49.62,10.61,1.55,0
Medivh,Medivh,Support,Infernal Shrines,50.94,12.04,3.83,0
Mephisto,Mephisto,Ranged Assassin,Infernal Shrines,55.04,12.38,2.07,0
Muradin,Muradin,Tank,Infernal Shrines,42.04,5.8,0.94,0
Murky,Murky,Melee Assassin,Infernal Shrines,49.91,6.43,0.4,0
Nazeebo,Nazeebo,Ranged Assassin,Infernal Shrines,47.32,25.75,2.66,0
Nova,Nova,Ranged Assassin,Infernal Shrines,54.93,6.35,0.67,0
Orphea,Orphea,Ranged Assassin,Infernal Shrines,48.92,18.51,2.2,0
Probius,Probius,Ranged Assassin,Infernal Shrines,43.44,3.95,0.37,0
Qhira,Qhira,Melee Assassin,Infernal Shrines,47.09,16.72,3.34,0
Ragnaros,Ragnaros,Bruiser,Infernal Shrines,54.14,1.62,0.19,0
Raynor,Raynor,Ranged Assassin,Infernal Shrines,41.17,22.78,17.76,0
Rehgar,Rehgar,Healer,Infernal Shrines,56.48,14.52,2.48,0
Rexxar,Rexxar,Bruiser,Infernal Shrines,51.94,25.58,2.76,0
Samuro,Samuro,Melee Assassin,Infernal Shrines,55.44,18.76,1.28,0
Sgt. Hammer,Sgthammer,Ranged Assassin,Infernal Shrines,53.97,5.45,0.98,0
Sonya,Sonya,Bruiser,Infernal Shrines,49.22,3.27,0.79,0
Stitches,Stitches,Tank,Infernal Shrines,53.86,5.84,1.31,0
Stukov,Stukov,Healer,Infernal Shrines,52.9,17.43,2,0
Sylvanas,Sylvanas,Ranged Assassin,Infernal Shrines,47.71,18.61,2,0
Tassadar,Tassadar,Support,Infernal Shrines,51.42,18.19,4.28,0
The Butcher,Thebutcher,Melee Assassin,Infernal Shrines,50.85,25.57,5.66,0
The Lost Vikings,Thelostvikings,Support,Infernal Shrines,47.92,3.58,0.31,0
Thrall,Thrall,Bruiser,Infernal Shrines,47.83,8.7,2.22,0
Tracer,Tracer,Ranged Assassin,Infernal Shrines,45.69,1.68,0.6,0
Tychus,Tychus,Ranged Assassin,Infernal Shrines,51.25,18.37,1.2,0
Tyrael,Tyrael,Tank,Infernal Shrines,48.89,4.35,0.63,0
Tyrande,Tyrande,Healer,Infernal Shrines,48.18,12.22,1.55,0
Uther,Uther,Healer,Infernal Shrines,50.48,7.91,0.45,0
Valeera,Valeera,Melee Assassin,Infernal Shrines,51.52,10.57,1.68,0
Valla,Valla,Ranged Assassin,Infernal Shrines,53.38,13.46,1.96,0
Varian,Varian,Bruiser,Infernal Shrines,47.67,3.96,0.64,0
Whitemane,Whitemane,Healer,Infernal Shrines,52.07,19.81,2.3,0
Xul,Xul,Bruiser,Infernal Shrines,49.15,31.72,11.4,0
Yrel,Yrel,Bruiser,Infernal Shrines,45.7,5.53,0.51,0
Zagara,Zagara,Ranged Assassin,Infernal Shrines,52.11,6.75,0.31,0
Zarya,Zarya,Support,Infernal Shrines,45.4,3.25,0.1,0
Zeratul,Zeratul,Melee Assassin,Infernal Shrines,51.17,5.49,0.76,0
Zul'jin,Zuljin,Ranged Assassin,Infernal Shrines,52.33,6.72,0.37,0
Chromie,Chromie,Ranged Assassin,Infernal Shrines,49.89,24.08,14.82,0
D.Va,Dva,Bruiser,Infernal Shrines,50.58,18.29,2.8,0
Abathur,Abathur,Support,Sky Temple,49.87,34.33,20.73,0
Alarak,Alarak,Melee Assassin,Sky Temple,49.67,31.73,19.19,0
Alexstrasza,Alexstrasza,Healer,Sky Temple,49.38,10.97,2.11,0
Ana,Ana,Healer,Sky Temple,49.66,41.09,23.09,0
Anduin,Anduin,Healer,Sky Temple,46.17,28.59,10.74,0
Anub'arak,Anubarak,Tank,Sky Temple,52.54,48.86,29.78,0
Artanis,Artanis,Bruiser,Sky Temple,52.11,21.66,2.82,0
Arthas,Arthas,Tank,Sky Temple,53.07,22.57,5.67,0
Auriel,Auriel,Healer,Sky Temple,48.19,9.42,1.23,0
Azmodan,Azmodan,Ranged Assassin,Sky Temple,48.41,33.07,19.98,0
Blaze,Blaze,Tank,Sky Temple,50.1,6.84,0.38,0
Brightwing,Brightwing,Healer,Sky Temple,49.41,33.39,8.4,0
Cassia,Cassia,Ranged Assassin,Sky Temple,48.4,7.97,0.73,0
Chen,Chen,Bruiser,Sky Temple,51.25,7.71,3.26,0
Cho,Cho,Tank,Sky Temple,39.14,1.55,0.71,0
Deathwing,Deathwing,Bruiser,Sky Temple,46.14,8.8,1.64,0
Deckard,Deckard,Healer,Sky Temple,60.09,3.64,3.04,0
Dehaka,Dehaka,Bruiser,Sky Temple,46.29,6.05,0.55,0
Diablo,Diablo,Tank,Sky Temple,49.19,25.21,10.57,0
E.T.C,Etc,Tank,Sky Temple,46.41,61.89,36.48,0
Falstad,Falstad,Ranged Assassin,Sky Temple,48.63,3.71,0.24,0
Fenix,Fenix,Ranged Assassin,Sky Temple,53.61,42.24,14.02,0
Gall,Gall,Ranged Assassin,Sky Temple,53.61,44.79,13.08,0
Garrosh,Garrosh,Tank,Sky Temple,53.93,9.95,0.54,0
Gazlowe,Gazlowe,Melee Assassin,Sky Temple,39.33,1.23,0.38,0
Genji,Genji,Ranged Assassin,Sky Temple,45.09,39.04,23.31,0
Greymane,Greymane,Ranged Assassin,Sky Temple,52.56,5.36,0.47,0
Gul'dan,Guldan,Ranged Assassin,Sky Temple,43.7,11.66,2.98,0
Hanzo,Hanzo,Ranged Assassin,Sky Temple,51.87,15.49,1.53,0
Illidan,Illidan,Melee Assassin,Sky Temple,45.6,15.32,2.36,0
Imperius,Imperius,Bruiser,Sky Temple,45.41,19.43,3.56,0
Jaina,Jaina,Ranged Assassin,Sky Temple,50.32,12.78,3.2,0
Johanna,Johanna,Tank,Sky Temple,45.06,14.07,1.33,0
Junkrat,Junkrat,Ranged Assassin,Sky Temple,53.83,34.09,6.4,0
Kael'thas,Kaelthas,Ranged Assassin,Sky Temple,52.18,43.02,13.48,0
Kel'Thuzad,Kelthuzad,Ranged Assassin,Sky Temple,46.77,6.98,0.74,0
Kerrigan,Kerrigan,Melee Assassin,Sky Temple,51.83,65.51,43.2,0
Kharazim,Kharazim,Healer,Sky Temple,49.28,15.43,6.45,0
Leoric,Leoric,Bruiser,Sky Temple,53.65,5.19,0.34,0
Li Li,Lili,Healer,Sky Temple,51.46,7.61,0.25,0
Li-Ming,Liming,Ranged Assassin,Sky Temple,50.86,9.85,0.59,0
Lt. Morales,Ltmorales,Healer,Sky Temple,49.83,29.79,7.93,0
Lúcio,Lucio,Healer,Sky Temple,44.89,28.26,4.59,0
Lunara,Lunara,Ranged Assassin,Sky Temple,48.26,12.53,3.33,0
Maiev,Maiev,Melee Assassin,Sky Temple,51.73,24.8,5.5,0
Mal'Ganis,Malganis,Tank,Sky Temple,50.52,12.88,0.91,0
Malfurion,Malfurion,Healer,Sky Temple,47,9.27,3.72,0
Malthael,Malthael,Bruiser,Sky Temple,47.84,10.27,1.38,0
Medivh,Medivh,Support,Sky Temple,49.85,11.54,3.61,0
Mephisto,Mephisto,Ranged Assassin,Sky Temple,51.71,10.94,1.58,0
Muradin,Muradin,Tank,Sky Temple,43.63,5.42,1.01,0
Murky,Murky,Melee Assassin,Sky Temple,45.06,4.73,0.27,0
Nazeebo,Nazeebo,Ranged Assassin,Sky Temple,47.57,31.21,3.08,0
Nova,Nova,Ranged Assassin,Sky Temple,54.93,7.1,0.94,0
Orphea,Orphea,Ranged Assassin,Sky Temple,47.2,17.67,1.66,0
Probius,Probius,Ranged Assassin,Sky Temple,45.62,5.49,0.36,0
Qhira,Qhira,Melee Assassin,Sky Temple,49.36,16.16,2.93,0
Ragnaros,Ragnaros,Bruiser,Sky Temple,47.96,1.11,0.17,0
Raynor,Raynor,Ranged Assassin,Sky Temple,45.13,23.6,18.31,0
Rehgar,Rehgar,Healer,Sky Temple,54.9,9.78,1.37,0
Rexxar,Rexxar,Bruiser,Sky Temple,52.66,26.58,2.7,0
Samuro,Samuro,Melee Assassin,Sky Temple,56.07,20.33,1.68,0
Sgt. Hammer,Sgthammer,Ranged Assassin,Sky Temple,56.4,9.59,1.79,0
Sonya,Sonya,Bruiser,Sky Temple,52.58,5.39,1.25,0
Stitches,Stitches,Tank,Sky Temple,47.72,3.87,0.93,0
Stukov,Stukov,Healer,Sky Temple,52.39,11.26,0.8,0
Sylvanas,Sylvanas,Ranged Assassin,Sky Temple,45.54,18.04,1.98,0
Tassadar,Tassadar,Support,Sky Temple,48.97,13.9,3.11,0
The Butcher,Thebutcher,Melee Assassin,Sky Temple,52.07,24.11,4.66,0
The Lost Vikings,Thelostvikings,Support,Sky Temple,45.69,3.05,0.36,0
Thrall,Thrall,Bruiser,Sky Temple,51.79,10.2,2.38,0
Tracer,Tracer,Ranged Assassin,Sky Temple,50.43,3.25,1.15,0
Tychus,Tychus,Ranged Assassin,Sky Temple,50.26,21.24,1.17,0
Tyrael,Tyrael,Tank,Sky Temple,47.46,5.87,0.7,0
Tyrande,Tyrande,Healer,Sky Temple,48.73,12,1.36,0
Uther,Uther,Healer,Sky Temple,50.97,8.26,0.47,0
Valeera,Valeera,Melee Assassin,Sky Temple,50.72,11.75,1.74,0
Valla,Valla,Ranged Assassin,Sky Temple,53.26,14.56,2.01,0
Varian,Varian,Bruiser,Sky Temple,49.53,5.16,0.77,0
Whitemane,Whitemane,Healer,Sky Temple,50.75,18.73,1.77,0
Xul,Xul,Bruiser,Sky Temple,50.87,37.76,12.54,0
Yrel,Yrel,Bruiser,Sky Temple,46.01,5.54,0.49,0
Zagara,Zagara,Ranged Assassin,Sky Temple,53.6,4.52,0.21,0
Zarya,Zarya,Support,Sky Temple,46.73,3.2,0.1,0
Zeratul,Zeratul,Melee Assassin,Sky Temple,50.87,9.32,1.5,0
Zul'jin,Zuljin,Ranged Assassin,Sky Temple,50.58,5.84,0.35,0
Chromie,Chromie,Ranged Assassin,Sky Temple,52.04,24.63,14.56,0
D.Va,Dva,Bruiser,Sky Temple,46.37,17.2,2.78,0
Abathur,Abathur,Support,Tomb of the Spider Queen,42.1,6.52,3.29,0
Alarak,Alarak,Melee Assassin,Tomb of the Spider Queen,52.6,33.46,19.68,0
Alexstrasza,Alexstrasza,Healer,Tomb of the Spider Queen,47.85,11.03,2.4,0
Ana,Ana,Healer,Tomb of the Spider Queen,48.84,43.11,24.48,0
Anduin,Anduin,Healer,Tomb of the Spider Queen,48.4,30.67,11.91,0
Anub'arak,Anubarak,Tank,Tomb of the Spider Queen,51.4,46.01,29.79,0
Artanis,Artanis,Bruiser,Tomb of the Spider Queen,49.27,16.98,2.28,0
Arthas,Arthas,Tank,Tomb of the Spider Queen,49.73,20.93,5.2,0
Auriel,Auriel,Healer,Tomb of the Spider Queen,50.5,13.02,1.93,0
Azmodan,Azmodan,Ranged Assassin,Tomb of the Spider Queen,50.06,41.64,23.73,0
Blaze,Blaze,Tank,Tomb of the Spider Queen,50.32,8.79,0.6,0
Brightwing,Brightwing,Healer,Tomb of the Spider Queen,50.1,15.22,2.91,0
Cassia,Cassia,Ranged Assassin,Tomb of the Spider Queen,47.07,6.65,0.66,0
Chen,Chen,Bruiser,Tomb of the Spider Queen,50.14,6.93,3.19,0
Cho,Cho,Tank,Tomb of the Spider Queen,40.83,2.15,1.03,0
Deathwing,Deathwing,Bruiser,Tomb of the Spider Queen,47.29,8.65,1.83,0
Deckard,Deckard,Healer,Tomb of the Spider Queen,63.01,3.65,3.08,0
Dehaka,Dehaka,Bruiser,Tomb of the Spider Queen,47.82,7.48,0.72,0
Diablo,Diablo,Tank,Tomb of the Spider Queen,51.25,4.23,0.63,0
E.T.C,Etc,Tank,Tomb of the Spider Queen,45.65,63.7,38.11,0
Falstad,Falstad,Ranged Assassin,Tomb of the Spider Queen,47.13,4.2,0.18,0
Fenix,Fenix,Ranged Assassin,Tomb of the Spider Queen,53.79,37.06,13.78,0
Gall,Gall,Ranged Assassin,Tomb of the Spider Queen,52.02,10.64,1.11,0
Garrosh,Garrosh,Tank,Tomb of the Spider Queen,54.51,10.58,0.68,0
Gazlowe,Gazlowe,Melee Assassin,Tomb of the Spider Queen,41.1,1.69,0.56,0
Genji,Genji,Ranged Assassin,Tomb of the Spider Queen,47.56,41.08,26.05,0
Greymane,Greymane,Ranged Assassin,Tomb of the Spider Queen,53.52,3.87,0.3,0
Gul'dan,Guldan,Ranged Assassin,Tomb of the Spider Queen,40.49,8.73,2.4,0
Hanzo,Hanzo,Ranged Assassin,Tomb of the Spider Queen,48.77,12.17,1.23,0
Illidan,Illidan,Melee Assassin,Tomb of the Spider Queen,48.65,29.11,6.99,0
Imperius,Imperius,Bruiser,Tomb of the Spider Queen,45.39,19.57,3.78,0
Jaina,Jaina,Ranged Assassin,Tomb of the Spider Queen,47.63,5.15,1.18,0
Johanna,Johanna,Tank,Tomb of the Spider Queen,45.18,13.96,1.62,0
Junkrat,Junkrat,Ranged Assassin,Tomb of the Spider Queen,52.17,36.74,7.77,0
Kael'thas,Kaelthas,Ranged Assassin,Tomb of the Spider Queen,53.82,53.37,16.84,0
Kel'Thuzad,Kelthuzad,Ranged Assassin,Tomb of the Spider Queen,50.2,10.39,1.21,0
Kerrigan,Kerrigan,Melee Assassin,Tomb of the Spider Queen,53.05,72.22,45.75,0
Kharazim,Kharazim,Healer,Tomb of the Spider Queen,53.83,19.13,7.68,0
Leoric,Leoric,Bruiser,Tomb of the Spider Queen,53.45,7.24,0.72,0
Li Li,Lili,Healer,Tomb of the Spider Queen,48.82,6.04,0.26,0
Li-Ming,Liming,Ranged Assassin,Tomb of the Spider Queen,49.9,16.33,1.22,0
Lt. Morales,Ltmorales,Healer,Tomb of the Spider Queen,48.24,27.54,7.71,0
Lúcio,Lucio,Healer,Tomb of the Spider Queen,43.34,17.83,3.58,0
Lunara,Lunara,Ranged Assassin,Tomb of the Spider Queen,50.28,12.33,3.25,0
Maiev,Maiev,Melee Assassin,Tomb of the Spider Queen,50.39,24.92,6.18,0
Mal'Ganis,Malganis,Tank,Tomb of the Spider Queen,52.51,11.82,0.93,0
Malfurion,Malfurion,Healer,Tomb of the Spider Queen,52.44,11.32,4.55,0
Malthael,Malthael,Bruiser,Tomb of the Spider Queen,51.62,12.15,1.8,0
Medivh,Medivh,Support,Tomb of the Spider Queen,49.96,10.48,3.67,0
Mephisto,Mephisto,Ranged Assassin,Tomb of the Spider Queen,50.12,10.29,1.8,0
Muradin,Muradin,Tank,Tomb of the Spider Queen,44.03,5.45,1,0
Murky,Murky,Melee Assassin,Tomb of the Spider Queen,48.68,4.87,0.36,0
Nazeebo,Nazeebo,Ranged Assassin,Tomb of the Spider Queen,46.69,24.49,2.76,0
Nova,Nova,Ranged Assassin,Tomb of the Spider Queen,49.57,3.6,0.58,0
Orphea,Orphea,Ranged Assassin,Tomb of the Spider Queen,50.13,35.15,4.99,0
Probius,Probius,Ranged Assassin,Tomb of the Spider Queen,46,4.33,0.39,0
Qhira,Qhira,Melee Assassin,Tomb of the Spider Queen,48.65,15.09,3.11,0
Ragnaros,Ragnaros,Bruiser,Tomb of the Spider Queen,50.98,1.37,0.18,0
Raynor,Raynor,Ranged Assassin,Tomb of the Spider Queen,43.57,22.98,18.03,0
Rehgar,Rehgar,Healer,Tomb of the Spider Queen,54.28,22.29,4.94,0
Rexxar,Rexxar,Bruiser,Tomb of the Spider Queen,51.03,25.82,2.83,0
Samuro,Samuro,Melee Assassin,Tomb of the Spider Queen,52.28,18.97,1.45,0
Sgt. Hammer,Sgthammer,Ranged Assassin,Tomb of the Spider Queen,57.14,6.75,1.19,0
Sonya,Sonya,Bruiser,Tomb of the Spider Queen,49.74,2.48,0.46,0
Stitches,Stitches,Tank,Tomb of the Spider Queen,49.11,3.49,0.73,0
Stukov,Stukov,Healer,Tomb of the Spider Queen,50.6,10.1,0.82,0
Sylvanas,Sylvanas,Ranged Assassin,Tomb of the Spider Queen,48.93,22.45,2.43,0
Tassadar,Tassadar,Support,Tomb of the Spider Queen,48.47,17.38,4.28,0
The Butcher,Thebutcher,Melee Assassin,Tomb of the Spider Queen,50.16,28.8,7,0
The Lost Vikings,Thelostvikings,Support,Tomb of the Spider Queen,48.72,4.18,0.35,0
Thrall,Thrall,Bruiser,Tomb of the Spider Queen,54.63,10.5,2.35,0
Tracer,Tracer,Ranged Assassin,Tomb of the Spider Queen,35.43,0.66,0.33,0
Tychus,Tychus,Ranged Assassin,Tomb of the Spider Queen,49.97,20.1,1.22,0
Tyrael,Tyrael,Tank,Tomb of the Spider Queen,45.81,4.47,0.6,0
Tyrande,Tyrande,Healer,Tomb of the Spider Queen,47.81,11.57,1.48,0
Uther,Uther,Healer,Tomb of the Spider Queen,47.83,6.5,0.33,0
Valeera,Valeera,Melee Assassin,Tomb of the Spider Queen,53.69,11.55,1.86,0
Valla,Valla,Ranged Assassin,Tomb of the Spider Queen,54.67,13.74,1.95,0
Varian,Varian,Bruiser,Tomb of the Spider Queen,46.6,4,0.66,0
Whitemane,Whitemane,Healer,Tomb of the Spider Queen,49.14,18.34,2.05,0
Xul,Xul,Bruiser,Tomb of the Spider Queen,49.43,31.15,11.47,0
Yrel,Yrel,Bruiser,Tomb of the Spider Queen,45.12,5.9,0.61,0
Zagara,Zagara,Ranged Assassin,Tomb of the Spider Queen,54.63,12.98,1.26,0
Zarya,Zarya,Support,Tomb of the Spider Queen,43.63,3.18,0.12,0
Zeratul,Zeratul,Melee Assassin,Tomb of the Spider Queen,50.55,6.07,1.13,0
Zul'jin,Zuljin,Ranged Assassin,Tomb of the Spider Queen,46.52,6.21,0.38,0
Chromie,Chromie,Ranged Assassin,Tomb of the Spider Queen,51.19,21.61,13.54,0
D.Va,Dva,Bruiser,Tomb of the Spider Queen,52.84,18.63,2.82,0
Abathur,Abathur,Support,Towers of Doom,49.55,28.39,17.42,0
Alarak,Alarak,Melee Assassin,Towers of Doom,53.45,33.89,19.82,0
Alexstrasza,Alexstrasza,Healer,Towers of Doom,47.12,10.91,2.3,0
Ana,Ana,Healer,Towers of Doom,50.45,43.39,24.54,0
Anduin,Anduin,Healer,Towers of Doom,47.73,30.03,10.85,0
Anub'arak,Anubarak,Tank,Towers of Doom,51.44,49.4,30.53,0
Artanis,Artanis,Bruiser,Towers of Doom,48.66,19.53,2.71,0
Arthas,Arthas,Tank,Towers of Doom,54.07,21.12,4.97,0
Auriel,Auriel,Healer,Towers of Doom,50.15,9.79,1.36,0
Azmodan,Azmodan,Ranged Assassin,Towers of Doom,50.07,33.49,20.03,0
Blaze,Blaze,Tank,Towers of Doom,47.28,6.99,0.38,0
Brightwing,Brightwing,Healer,Towers of Doom,48.58,28.24,6.78,0
Cassia,Cassia,Ranged Assassin,Towers of Doom,48.04,7.46,0.67,0
Chen,Chen,Bruiser,Towers of Doom,50.56,7.5,3.14,0
Cho,Cho,Tank,Towers of Doom,43.45,1.63,0.77,0
Deathwing,Deathwing,Bruiser,Towers of Doom,47.9,16.11,4.14,0
Deckard,Deckard,Healer,Towers of Doom,60.36,3.59,3.02,0
Dehaka,Dehaka,Bruiser,Towers of Doom,45.63,6.56,0.6,0
Diablo,Diablo,Tank,Towers of Doom,48.8,23.38,8.81,0
E.T.C,Etc,Tank,Towers of Doom,46.61,65.61,38.08,0
Falstad,Falstad,Ranged Assassin,Towers of Doom,46.55,4.01,0.18,0
Fenix,Fenix,Ranged Assassin,Towers of Doom,52.86,39.61,13.45,0
Gall,Gall,Ranged Assassin,Towers of Doom,51.19,33,8.27,0
Garrosh,Garrosh,Tank,Towers of Doom,54.61,9.89,0.58,0
Gazlowe,Gazlowe,Melee Assassin,Towers of Doom,43.45,1.34,0.47,0
Genji,Genji,Ranged Assassin,Towers of Doom,46.62,40.77,24.57,0
Greymane,Greymane,Ranged Assassin,Towers of Doom,52.52,4.42,0.37,0
Gul'dan,Guldan,Ranged Assassin,Towers of Doom,42.97,12.72,3.14,0
Hanzo,Hanzo,Ranged Assassin,Towers of Doom,48.91,13.94,1.42,0
Illidan,Illidan,Melee Assassin,Towers of Doom,45.91,15.08,2.35,0
Imperius,Imperius,Bruiser,Towers of Doom,45.81,23.82,4.37,0
Jaina,Jaina,Ranged Assassin,Towers of Doom,47.11,9.32,2.54,0
Johanna,Johanna,Tank,Towers of Doom,49.55,15.55,1.58,0
Junkrat,Junkrat,Ranged Assassin,Towers of Doom,52.78,31.88,6.4,0
Kael'thas,Kaelthas,Ranged Assassin,Towers of Doom,49.4,40.66,12.98,0
Kel'Thuzad,Kelthuzad,Ranged Assassin,Towers of Doom,45.51,9.67,1.3,0
Kerrigan,Kerrigan,Melee Assassin,Towers of Doom,49.54,64.24,43.1,0
Kharazim,Kharazim,Healer,Towers of Doom,50.38,17.21,7.67,0
Leoric,Leoric,Bruiser,Towers of Doom,53.13,5.47,0.4,0
Li Li,Lili,Healer,Towers of Doom,51.29,7.32,0.21,0
Li-Ming,Liming,Ranged Assassin,Towers of Doom,51.46,12.56,0.79,0
Lt. Morales,Ltmorales,Healer,Towers of Doom,49.46,28.56,7.48,0
Lúcio,Lucio,Healer,Towers of Doom,46.55,35.14,5.86,0
Lunara,Lunara,Ranged Assassin,Towers of Doom,50.06,12.06,2.98,0
Maiev,Maiev,Melee Assassin,Towers of Doom,51.85,25.02,5.66,0
Mal'Ganis,Malganis,Tank,Towers of Doom,53.4,12.67,0.91,0
Malfurion,Malfurion,Healer,Towers of Doom,51.95,9.69,3.85,0
Malthael,Malthael,Bruiser,Towers of Doom,49.62,11.01,1.49,0
Medivh,Medivh,Support,Towers of Doom,51.57,11.51,3.54,0
Mephisto,Mephisto,Ranged Assassin,Towers of Doom,54.34,11.6,1.85,0
Muradin,Muradin,Tank,Towers of Doom,47.87,6.98,1.21,0
Murky,Murky,Melee Assassin,Towers of Doom,47.07,5.33,0.3,0
Nazeebo,Nazeebo,Ranged Assassin,Towers of Doom,49.8,30.13,2.99,0
Nova,Nova,Ranged Assassin,Towers of Doom,52.13,3.99,0.66,0
Orphea,Orphea,Ranged Assassin,Towers of Doom,49.84,18.22,1.99,0
Probius,Probius,Ranged Assassin,Towers of Doom,51.16,6.22,0.53,0
Qhira,Qhira,Melee Assassin,Towers of Doom,50.36,15.27,2.92,0
Ragnaros,Ragnaros,Bruiser,Towers of Doom,49.73,1.13,0.16,0
Raynor,Raynor,Ranged Assassin,Towers of Doom,48.99,23.28,18.16,0
Rehgar,Rehgar,Healer,Towers of Doom,47.73,4.68,0.66,0
Rexxar,Rexxar,Bruiser,Towers of Doom,53.12,26.94,2.82,0
Samuro,Samuro,Melee Assassin,Towers of Doom,52.72,17.16,1.31,0
Sgt. Hammer,Sgthammer,Ranged Assassin,Towers of Doom,56.54,6.31,1.15,0
Sonya,Sonya,Bruiser,Towers of Doom,54.82,4.29,1.03,0
Stitches,Stitches,Tank,Towers of Doom,46.9,3.92,0.93,0
Stukov,Stukov,Healer,Towers of Doom,48.62,8.61,0.58,0
Sylvanas,Sylvanas,Ranged Assassin,Towers of Doom,47.62,24.99,3.14,0
Tassadar,Tassadar,Support,Towers of Doom,47.85,15.85,3.55,0
The Butcher,Thebutcher,Melee Assassin,Towers of Doom,51.88,26.08,6.04,0
The Lost Vikings,Thelostvikings,Support,Towers of Doom,43.25,3.3,0.32,0
Thrall,Thrall,Bruiser,Towers of Doom,52.48,9.01,2.17,0
Tracer,Tracer,Ranged Assassin,Towers of Doom,50.86,2.73,1.07,0
Tychus,Tychus,Ranged Assassin,Towers of Doom,50.35,22.29,1.18,0
Tyrael,Tyrael,Tank,Towers of Doom,47.55,5.71,0.82,0
Tyrande,Tyrande,Healer,Towers of Doom,51.77,12.27,1.44,0
Uther,Uther,Healer,Towers of Doom,48.44,7.73,0.33,0
Valeera,Valeera,Melee Assassin,Towers of Doom,52.51,13.33,1.96,0
Valla,Valla,Ranged Assassin,Towers of Doom,54.95,15.04,2.15,0
Varian,Varian,Bruiser,Towers of Doom,48.42,5.1,0.78,0
Whitemane,Whitemane,Healer,Towers of Doom,49.85,17.56,1.85,0
Xul,Xul,Bruiser,Towers of Doom,51.27,36.15,11.97,0
Yrel,Yrel,Bruiser,Towers of Doom,48.97,5.65,0.54,0
Zagara,Zagara,Ranged Assassin,Towers of Doom,53.05,5.92,0.41,0
Zarya,Zarya,Support,Towers of Doom,45.81,3.29,0.11,0
Zeratul,Zeratul,Melee Assassin,Towers of Doom,51.89,6.55,1.05,0
Zul'jin,Zuljin,Ranged Assassin,Towers of Doom,49.62,6.53,0.41,0
Chromie,Chromie,Ranged Assassin,Towers of Doom,49.75,26.09,15.45,0
D.Va,Dva,Bruiser,Towers of Doom,52.65,17.67,2.76,0
Abathur,Abathur,Support,Volskaya Foundry,48.84,8.93,5.1,0
Alarak,Alarak,Melee Assassin,Volskaya Foundry,53.02,25.07,16.09,0
Alexstrasza,Alexstrasza,Healer,Volskaya Foundry,47.36,10.69,2.42,0
Ana,Ana,Healer,Volskaya Foundry,52.57,23.65,11.37,0
Anduin,Anduin,Healer,Volskaya Foundry,47.64,13.5,5.3,0
Anub'arak,Anubarak,Tank,Volskaya Foundry,53.05,22.14,10.93,0
Artanis,Artanis,Bruiser,Volskaya Foundry,49.91,10.87,1.28,0
Arthas,Arthas,Tank,Volskaya Foundry,50,13,2.73,0
Auriel,Auriel,Healer,Volskaya Foundry,49.33,7.98,1.27,0
Azmodan,Azmodan,Ranged Assassin,Volskaya Foundry,49.49,18.99,10.39,0
Blaze,Blaze,Tank,Volskaya Foundry,47.63,5.65,0.43,0
Brightwing,Brightwing,Healer,Volskaya Foundry,50.12,11.01,2.07,0
Cassia,Cassia,Ranged Assassin,Volskaya Foundry,45.51,4.49,0.41,0
Chen,Chen,Bruiser,Volskaya Foundry,50.23,4.93,2.65,0
Cho,Cho,Tank,Volskaya Foundry,40.86,1.19,0.52,0
Deathwing,Deathwing,Bruiser,Volskaya Foundry,50.6,11.19,2.5,0
Deckard,Deckard,Healer,Volskaya Foundry,66.06,3.63,3.07,0
Dehaka,Dehaka,Bruiser,Volskaya Foundry,49.64,6.33,0.61,0
Diablo,Diablo,Tank,Volskaya Foundry,47.1,2.54,0.49,0
E.T.C,Etc,Tank,Volskaya Foundry,46.32,33.71,18.88,0
Falstad,Falstad,Ranged Assassin,Volskaya Foundry,47.51,3.47,0.23,0
Fenix,Fenix,Ranged Assassin,Volskaya Foundry,51.2,25.12,9.69,0
Gall,Gall,Ranged Assassin,Volskaya Foundry,50.26,7.84,0.96,0
Garrosh,Garrosh,Tank,Volskaya Foundry,52.06,5.93,0.29,0
Gazlowe,Gazlowe,Melee Assassin,Volskaya Foundry,40.93,0.95,0.28,0
Genji,Genji,Ranged Assassin,Volskaya Foundry,48.84,29.85,18.51,0
Greymane,Greymane,Ranged Assassin,Volskaya Foundry,52.39,4.14,0.41,0
Gul'dan,Guldan,Ranged Assassin,Volskaya Foundry,41.31,5.78,1.47,0
Hanzo,Hanzo,Ranged Assassin,Volskaya Foundry,47.93,7.37,0.94,0
Illidan,Illidan,Melee Assassin,Volskaya Foundry,46.81,11.35,2.4,0
Imperius,Imperius,Bruiser,Volskaya Foundry,44.65,12.66,2.51,0
Jaina,Jaina,Ranged Assassin,Volskaya Foundry,48.5,3.28,0.61,0
Johanna,Johanna,Tank,Volskaya Foundry,46.22,10.69,1.15,0
Junkrat,Junkrat,Ranged Assassin,Volskaya Foundry,50.09,17.69,3.76,0
Kael'thas,Kaelthas,Ranged Assassin,Volskaya Foundry,52.38,30.87,10.33,0
Kel'Thuzad,Kelthuzad,Ranged Assassin,Volskaya Foundry,48.09,8.35,1.26,0
Kerrigan,Kerrigan,Melee Assassin,Volskaya Foundry,51.47,41.48,27.6,0
Kharazim,Kharazim,Healer,Volskaya Foundry,49.87,13.77,6.05,0
Leoric,Leoric,Bruiser,Volskaya Foundry,52.63,2.91,0.26,0
Li Li,Lili,Healer,Volskaya Foundry,50,3.6,0.09,0
Li-Ming,Liming,Ranged Assassin,Volskaya Foundry,52.39,8.58,0.54,0
Lt. Morales,Ltmorales,Healer,Volskaya Foundry,48.39,16.99,4.54,0
Lúcio,Lucio,Healer,Volskaya Foundry,48.84,20.81,3.96,0
Lunara,Lunara,Ranged Assassin,Volskaya Foundry,49.41,8.3,2.21,0
Maiev,Maiev,Melee Assassin,Volskaya Foundry,50.03,17.8,4.3,0
Mal'Ganis,Malganis,Tank,Volskaya Foundry,49.88,7.39,0.65,0
Malfurion,Malfurion,Healer,Volskaya Foundry,52.03,7.05,2.47,0
Malthael,Malthael,Bruiser,Volskaya Foundry,50.18,7.69,1.1,0
Medivh,Medivh,Support,Volskaya Foundry,50.38,8.95,2.9,0
Mephisto,Mephisto,Ranged Assassin,Volskaya Foundry,49.56,5.94,1,0
Muradin,Muradin,Tank,Volskaya Foundry,46.08,3.76,0.5,0
Murky,Murky,Melee Assassin,Volskaya Foundry,50.43,4.77,0.27,0
Nazeebo,Nazeebo,Ranged Assassin,Volskaya Foundry,47.18,16.7,1.36,0
Nova,Nova,Ranged Assassin,Volskaya Foundry,51.07,2.8,0.39,0
Orphea,Orphea,Ranged Assassin,Volskaya Foundry,52.24,17.64,1.77,0
Probius,Probius,Ranged Assassin,Volskaya Foundry,45.61,2.85,0.27,0
Qhira,Qhira,Melee Assassin,Volskaya Foundry,47.01,10.1,1.94,0
Ragnaros,Ragnaros,Bruiser,Volskaya Foundry,54.37,1.08,0.14,0
Raynor,Raynor,Ranged Assassin,Volskaya Foundry,42.29,23.44,18.56,0
Rehgar,Rehgar,Healer,Volskaya Foundry,49.97,5.05,0.89,0
Rexxar,Rexxar,Bruiser,Volskaya Foundry,52.03,15.85,1.54,0
Samuro,Samuro,Melee Assassin,Volskaya Foundry,54.24,10.08,0.88,0
Sgt. Hammer,Sgthammer,Ranged Assassin,Volskaya Foundry,56.49,5.28,1.29,0
Sonya,Sonya,Bruiser,Volskaya Foundry,55.52,2,0.5,0
Stitches,Stitches,Tank,Volskaya Foundry,50.28,3.59,0.83,0
Stukov,Stukov,Healer,Volskaya Foundry,49.9,5.52,0.39,0
Sylvanas,Sylvanas,Ranged Assassin,Volskaya Foundry,49.94,14.04,1.44,0
Tassadar,Tassadar,Support,Volskaya Foundry,50.03,13.03,3.16,0
The Butcher,Thebutcher,Melee Assassin,Volskaya Foundry,52.49,14.46,2.74,0
The Lost Vikings,Thelostvikings,Support,Volskaya Foundry,49.23,2.44,0.27,0
Thrall,Thrall,Bruiser,Volskaya Foundry,50.76,5.22,1.32,0
Tracer,Tracer,Ranged Assassin,Volskaya Foundry,45.75,0.82,0.27,0
Tychus,Tychus,Ranged Assassin,Volskaya Foundry,52.93,18.37,0.98,0
Tyrael,Tyrael,Tank,Volskaya Foundry,48.72,3.02,0.41,0
Tyrande,Tyrande,Healer,Volskaya Foundry,49.1,7.63,0.93,0
Uther,Uther,Healer,Volskaya Foundry,49.74,4.69,0.21,0
Valeera,Valeera,Melee Assassin,Volskaya Foundry,48.32,6.07,0.69,0
Valla,Valla,Ranged Assassin,Volskaya Foundry,54.47,7.97,1.17,0
Varian,Varian,Bruiser,Volskaya Foundry,47.63,2.45,0.38,0
Whitemane,Whitemane,Healer,Volskaya Foundry,49.86,11.92,1.49,0
Xul,Xul,Bruiser,Volskaya Foundry,50.21,20.98,7.16,0
Yrel,Yrel,Bruiser,Volskaya Foundry,46.84,4.08,0.37,0
Zagara,Zagara,Ranged Assassin,Volskaya Foundry,47.74,2.38,0.11,0
Zarya,Zarya,Support,Volskaya Foundry,44.5,2.06,0.1,0
Zeratul,Zeratul,Melee Assassin,Volskaya Foundry,48.93,3.37,0.5,0
Zul'jin,Zuljin,Ranged Assassin,Volskaya Foundry,48.92,5.24,0.35,0
Chromie,Chromie,Ranged Assassin,Volskaya Foundry,51.5,11.15,5.95,0
D.Va,Dva,Bruiser,Volskaya Foundry,56.01,16.59,2.61,0