HeroName,Map,WinRate,PlayRate,BanRate,HeroID,Role,Point
Abathur,Alterac Pass,47.84,22.58,13.77,Abathur,Support,0
Alarak,Alterac Pass,51,27.77,17.35,Alarak,Melee Assassin,0
Alexstrasza,Alterac Pass,49.59,10.73,2.16,Alexstrasza,Healer,0
Ana,Alterac Pass,51.93,32.71,17.36,Ana,Healer,0
Anduin,Alterac Pass,45.73,21.97,8.71,Anduin,Healer,0
Anub'arak,Alterac Pass,51.36,34.03,19.28,Anubarak,Tank,0
Artanis,Alterac Pass,49.9,14.54,2,Artanis,Bruiser,0
Arthas,Alterac Pass,51.1,17.49,4.11,Arthas,Tank,0
Auriel,Alterac Pass,51.23,8.64,1.13,Auriel,Healer,0
Azmodan,Alterac Pass,50.96,26.58,15.27,Azmodan,Ranged Assassin,0
Blaze,Alterac Pass,48.11,5.95,0.35,Blaze,Tank,0
Brightwing,Alterac Pass,49.84,16.88,3.55,Brightwing,Healer,0
Cassia,Alterac Pass,48.6,5.96,0.56,Cassia,Ranged Assassin,0
Chen,Alterac Pass,51.27,4.9,2.35,Chen,Bruiser,0
Cho,Alterac Pass,43.1,1.4,0.68,Cho,Tank,0
Chromie,Alterac Pass,50.74,11.2,2.26,Chromie,Ranged Assassin,0
D.Va,Alterac Pass,49.62,3.47,0.17,Dva,Bruiser,0
Deathwing,Alterac Pass,65.09,6.14,5.3,Deathwing,Bruiser,0
Deckard,Alterac Pass,47.35,6.64,0.67,Deckard,Healer,0
Dehaka,Alterac Pass,46.3,10.24,3.12,Dehaka,Bruiser,0
Diablo,Alterac Pass,46.88,47.33,27.12,Diablo,Tank,0
E.T.C,Alterac Pass,53.44,31.09,11.33,Etc,Tank,0
Falstad,Alterac Pass,52.87,19.42,3.95,Falstad,Ranged Assassin,0
Fenix,Alterac Pass,54.1,7.65,0.48,Fenix,Ranged Assassin,0
Gall,Alterac Pass,43.1,1.1,0.38,Gall,Ranged Assassin,0
Garrosh,Alterac Pass,45.31,33.76,21.32,Garrosh,Tank,0
Gazlowe,Alterac Pass,52.22,3.98,0.33,Gazlowe,Melee Assassin,0
Genji,Alterac Pass,41.63,8.39,2.15,Genji,Ranged Assassin,0
Greymane,Alterac Pass,48.11,9.76,1.19,Greymane,Ranged Assassin,0
Gul'dan,Alterac Pass,47.6,13.17,2.5,Guldan,Ranged Assassin,0
Hanzo,Alterac Pass,48,17.81,3.19,Hanzo,Ranged Assassin,0
Illidan,Alterac Pass,49.17,7,1.76,Illidan,Melee Assassin,0
Imperius,Alterac Pass,47.24,12.54,1.28,Imperius,Bruiser,0
Jaina,Alterac Pass,52.14,24.45,4.86,Jaina,Ranged Assassin,0
Johanna,Alterac Pass,51.77,35.52,11.49,Johanna,Tank,0
Junkrat,Alterac Pass,47.19,12.41,2.67,Junkrat,Ranged Assassin,0
Kael'thas,Alterac Pass,51.86,52.62,35.37,Kaelthas,Ranged Assassin,0
Kel'Thuzad,Alterac Pass,50.62,14.95,6.56,Kelthuzad,Ranged Assassin,0
Kerrigan,Alterac Pass,53.82,3.69,0.34,Kerrigan,Melee Assassin,0
Kharazim,Alterac Pass,50.1,5.28,0.13,Kharazim,Healer,0
Leoric,Alterac Pass,50.65,9.03,0.54,Leoric,Bruiser,0
Li Li,Alterac Pass,48.75,22.67,6.26,Lili,Healer,0
Li-Ming,Alterac Pass,46.79,25.48,4.71,Liming,Ranged Assassin,0
Lt. Morales,Alterac Pass,48.77,9.75,2.57,Ltmorales,Healer,0
Lúcio,Alterac Pass,53.8,21.2,5.1,Lucio,Healer,0
Lunara,Alterac Pass,52.34,9.84,0.72,Lunara,Ranged Assassin,0
Maiev,Alterac Pass,47.31,7.52,2.84,Maiev,Melee Assassin,0
Mal'Ganis,Alterac Pass,51.64,10.54,3.48,Malganis,Tank,0
Malfurion,Alterac Pass,48.79,8.63,1.23,Malfurion,Healer,0
Malthael,Alterac Pass,51.36,7.8,1.3,Malthael,Bruiser,0
Medivh,Alterac Pass,44.22,4.72,0.71,Medivh,Support,0
Mephisto,Alterac Pass,47.64,5.06,0.31,Mephisto,Ranged Assassin,0
Muradin,Alterac Pass,47.69,22.91,2.08,Muradin,Tank,0
Murky,Alterac Pass,48.77,3.77,0.54,Murky,Melee Assassin,0
Nazeebo,Alterac Pass,50.21,15.93,1.48,Nazeebo,Ranged Assassin,0
Nova,Alterac Pass,45.33,4.01,0.34,Nova,Ranged Assassin,0
Orphea,Alterac Pass,49.23,12.59,2.61,Orphea,Ranged Assassin,0
Probius,Alterac Pass,54.08,1.08,0.16,Probius,Ranged Assassin,0
Qhira,Alterac Pass,48.06,23.94,18.62,Qhira,Melee Assassin,0
Ragnaros,Alterac Pass,52.4,9.2,1.67,Ragnaros,Bruiser,0
Raynor,Alterac Pass,52.95,20.04,2.15,Raynor,Ranged Assassin,0
Rehgar,Alterac Pass,51.47,14.39,1.3,Rehgar,Healer,0
Rexxar,Alterac Pass,54.35,7.68,1.65,Rexxar,Bruiser,0
Samuro,Alterac Pass,51.31,3.4,0.92,Samuro,Melee Assassin,0
Sgt. Hammer,Alterac Pass,51.14,3.4,0.79,Sgthammer,Ranged Assassin,0
Sonya,Alterac Pass,49.2,7.25,0.57,Sonya,Bruiser,0
Stitches,Alterac Pass,47.75,17.42,2.23,Stitches,Tank,0
Stukov,Alterac Pass,51.54,14.17,3.43,Stukov,Healer,0
Sylvanas,Alterac Pass,50.74,18.26,3.67,Sylvanas,Ranged Assassin,0
Tassadar,Alterac Pass,45.99,2.66,0.27,Tassadar,Support,0
The Butcher,Alterac Pass,52.27,7.4,1.76,Thebutcher,Melee Assassin,0
The Lost Vikings,Alterac Pass,44.66,2.46,1.04,Thelostvikings,Support,0
Thrall,Alterac Pass,52.08,19.14,1.04,Thrall,Bruiser,0
Tracer,Alterac Pass,48.15,4.2,0.57,Tracer,Ranged Assassin,0
Tychus,Alterac Pass,47.96,9.36,1.14,Tychus,Ranged Assassin,0
Tyrael,Alterac Pass,51.42,5.84,0.24,Tyrael,Tank,0
Tyrande,Alterac Pass,47.81,8.47,1.18,Tyrande,Healer,0
Uther,Alterac Pass,52.56,11.12,1.55,Uther,Healer,0
Valeera,Alterac Pass,47.01,3.49,0.54,Valeera,Melee Assassin,0
Valla,Alterac Pass,51.83,13.76,1.46,Valla,Ranged Assassin,0
Varian,Alterac Pass,51.57,30.15,10.52,Varian,Bruiser,0
Whitemane,Alterac Pass,49.89,4.87,0.46,Whitemane,Healer,0
Xul,Alterac Pass,48.96,2.86,0.1,Xul,Bruiser,0
Yrel,Alterac Pass,44.46,2.65,0.13,Yrel,Bruiser,0
Zagara,Alterac Pass,46.69,5.81,0.96,Zagara,Ranged Assassin,0
Zarya,Alterac Pass,51.38,5.02,0.35,Zarya,Support,0
Zeratul,Alterac Pass,50.99,18.69,10.79,Zeratul,Melee Assassin,0
Zul'jin,Alterac Pass,51.6,16.19,2.57,Zuljin,Ranged Assassin,0
Abathur,Battlefield of Eternity,45.57,6.55,3.13,Abathur,Support,0
Alarak,Battlefield of Eternity,54.88,24.26,12.67,Alarak,Melee Assassin,0
Alexstrasza,Battlefield of Eternity,46.28,8.54,1.82,Alexstrasza,Healer,0
Ana,Battlefield of Eternity,51.75,35.38,20.27,Ana,Healer,0
Anduin,Battlefield of Eternity,45.92,23.16,8.53,Anduin,Healer,0
Anub'arak,Battlefield of Eternity,50.81,41,25.54,Anubarak,Tank,0
Artanis,Battlefield of Eternity,52.48,54.01,16.81,Artanis,Bruiser,0
Arthas,Battlefield of Eternity,52.56,20.69,4.91,Arthas,Tank,0
Auriel,Battlefield of Eternity,50.79,10.79,1.63,Auriel,Healer,0
Azmodan,Battlefield of Eternity,50.06,18.94,11.22,Azmodan,Ranged Assassin,0
Blaze,Battlefield of Eternity,47.18,5.34,0.31,Blaze,Tank,0
Brightwing,Battlefield of Eternity,49.81,11.66,2.07,Brightwing,Healer,0
Cassia,Battlefield of Eternity,47.74,7.44,0.83,Cassia,Ranged Assassin,0
Chen,Battlefield of Eternity,49.37,5.44,2.26,Chen,Bruiser,0
Cho,Battlefield of Eternity,40.92,1.62,0.65,Cho,Tank,0
Chromie,Battlefield of Eternity,52.78,8.75,1.27,Chromie,Ranged Assassin,0
D.Va,Battlefield of Eternity,45.54,2.66,0.12,Dva,Bruiser,0
Deathwing,Battlefield of Eternity,64.33,6.17,5.28,Deathwing,Bruiser,0
Deckard,Battlefield of Eternity,43.17,5.11,0.52,Deckard,Healer,0
Dehaka,Battlefield of Eternity,43.77,2.31,0.37,Dehaka,Bruiser,0
Diablo,Battlefield of Eternity,45.55,53.38,31,Diablo,Tank,0
E.T.C,Battlefield of Eternity,53.61,29.64,9.1,Etc,Tank,0
Falstad,Battlefield of Eternity,49.42,6.96,0.72,Falstad,Ranged Assassin,0
Fenix,Battlefield of Eternity,52.18,6.95,0.49,Fenix,Ranged Assassin,0
Gall,Battlefield of Eternity,40.92,1.32,0.35,Gall,Ranged Assassin,0
Garrosh,Battlefield of Eternity,51,32.49,18.11,Garrosh,Tank,0
Gazlowe,Battlefield of Eternity,49.15,4.01,0.33,Gazlowe,Melee Assassin,0
Genji,Battlefield of Eternity,40.02,7.83,2.06,Genji,Ranged Assassin,0
Greymane,Battlefield of Eternity,48.67,25.79,6.59,Greymane,Ranged Assassin,0
Gul'dan,Battlefield of Eternity,45.61,10.29,1.42,Guldan,Ranged Assassin,0
Hanzo,Battlefield of Eternity,46.52,25.08,8.06,Hanzo,Ranged Assassin,0
Illidan,Battlefield of Eternity,45.63,4.95,1.11,Illidan,Melee Assassin,0
Imperius,Battlefield of Eternity,45.71,12.19,1.27,Imperius,Bruiser,0
Jaina,Battlefield of Eternity,50.51,22.12,3.74,Jaina,Ranged Assassin,0
Johanna,Battlefield of Eternity,50.99,37.36,11.26,Johanna,Tank,0
Junkrat,Battlefield of Eternity,47.63,3.39,0.29,Junkrat,Ranged Assassin,0
Kael'thas,Battlefield of Eternity,51.78,47.53,31.04,Kaelthas,Ranged Assassin,0
Kel'Thuzad,Battlefield of Eternity,54.58,11.25,3.8,Kelthuzad,Ranged Assassin,0
Kerrigan,Battlefield of Eternity,50.63,2.85,0.29,Kerrigan,Melee Assassin,0
Kharazim,Battlefield of Eternity,50.2,7.9,0.37,Kharazim,Healer,0
Leoric,Battlefield of Eternity,48.66,7.44,0.55,Leoric,Bruiser,0
Li Li,Battlefield of Eternity,48.66,29.67,7.8,Lili,Healer,0
Li-Ming,Battlefield of Eternity,47.27,36.13,5.56,Liming,Ranged Assassin,0
Lt. Morales,Battlefield of Eternity,51.82,14.62,3.61,Ltmorales,Healer,0
Lúcio,Battlefield of Eternity,54.83,19.77,4.38,Lucio,Healer,0
Lunara,Battlefield of Eternity,50.33,16.14,2.26,Lunara,Ranged Assassin,0
Maiev,Battlefield of Eternity,50.94,6.75,3.02,Maiev,Melee Assassin,0
Mal'Ganis,Battlefield of Eternity,50.28,8.16,2.39,Malganis,Tank,0
Malfurion,Battlefield of Eternity,51.4,8.13,1.13,Malfurion,Healer,0
Malthael,Battlefield of Eternity,48.7,10.8,2.15,Malthael,Bruiser,0
Medivh,Battlefield of Eternity,44.13,3.41,0.52,Medivh,Support,0
Mephisto,Battlefield of Eternity,48.94,3.35,0.18,Mephisto,Ranged Assassin,0
Muradin,Battlefield of Eternity,46.5,27.47,2.37,Muradin,Tank,0
Murky,Battlefield of Eternity,49.54,1.72,0.36,Murky,Melee Assassin,0
Nazeebo,Battlefield of Eternity,49.13,10.66,1.07,Nazeebo,Ranged Assassin,0
Nova,Battlefield of Eternity,45.38,3.65,0.31,Nova,Ranged Assassin,0
Orphea,Battlefield of Eternity,49.59,9.79,1.9,Orphea,Ranged Assassin,0
Probius,Battlefield of Eternity,45.86,0.87,0.15,Probius,Ranged Assassin,0
Qhira,Battlefield of Eternity,46.58,13.97,10.8,Qhira,Melee Assassin,0
Ragnaros,Battlefield of Eternity,47.35,3.83,0.45,Ragnaros,Bruiser,0
Raynor,Battlefield of Eternity,52.6,34.38,6.06,Raynor,Ranged Assassin,0
Rehgar,Battlefield of Eternity,52.05,14.67,1.18,Rehgar,Healer,0
Rexxar,Battlefield of Eternity,54.88,5.28,0.92,Rexxar,Bruiser,0
Samuro,Battlefield of Eternity,51.91,3.33,0.59,Samuro,Melee Assassin,0
Sgt. Hammer,Battlefield of Eternity,50.41,5.46,1.2,Sgthammer,Ranged Assassin,0
Sonya,Battlefield of Eternity,48.67,8.36,0.57,Sonya,Bruiser,0
Stitches,Battlefield of Eternity,48.34,14.1,1.46,Stitches,Tank,0
Stukov,Battlefield of Eternity,51.04,12.77,2.68,Stukov,Healer,0
Sylvanas,Battlefield of Eternity,51.87,20.02,4.49,Sylvanas,Ranged Assassin,0
Tassadar,Battlefield of Eternity,42.83,2.65,0.33,Tassadar,Support,0
The Butcher,Battlefield of Eternity,47.87,5.95,1.51,Thebutcher,Melee Assassin,0
The Lost Vikings,Battlefield of Eternity,40,0.56,0.29,Thelostvikings,Support,0
Thrall,Battlefield of Eternity,53.59,20.38,1.06,Thrall,Bruiser,0
Tracer,Battlefield of Eternity,46.2,3.69,0.45,Tracer,Ranged Assassin,0
Tychus,Battlefield of Eternity,45.25,8.56,1.3,Tychus,Ranged Assassin,0
Tyrael,Battlefield of Eternity,50.08,6.36,0.3,Tyrael,Tank,0
Tyrande,Battlefield of Eternity,49.5,16.76,2.93,Tyrande,Healer,0
Uther,Battlefield of Eternity,51.09,10.39,1.29,Uther,Healer,0
Valeera,Battlefield of Eternity,45.75,3.09,0.46,Valeera,Melee Assassin,0
Valla,Battlefield of Eternity,52.81,56.5,17.6,Valla,Ranged Assassin,0
Varian,Battlefield of Eternity,52.16,34.31,10.51,Varian,Bruiser,0
Whitemane,Battlefield of Eternity,45.02,3.9,0.28,Whitemane,Healer,0
Xul,Battlefield of Eternity,45.92,1.44,0.06,Xul,Bruiser,0
Yrel,Battlefield of Eternity,42.21,2.37,0.1,Yrel,Bruiser,0
Zagara,Battlefield of Eternity,44.18,2.74,0.19,Zagara,Ranged Assassin,0
Zarya,Battlefield of Eternity,48.44,4.82,0.37,Zarya,Support,0
Zeratul,Battlefield of Eternity,46.26,14.79,9.63,Zeratul,Melee Assassin,0
Zul'jin,Battlefield of Eternity,53.19,22.97,5.13,Zuljin,Ranged Assassin,0
Abathur,Braxis Holdout,44.43,3.97,2.02,Abathur,Support,0
Alarak,Braxis Holdout,51.61,25.01,15.48,Alarak,Melee Assassin,0
Alexstrasza,Braxis Holdout,44.76,8.02,1.39,Alexstrasza,Healer,0
Ana,Braxis Holdout,50.71,26.47,11.43,Ana,Healer,0
Anduin,Braxis Holdout,46.64,13.08,4.83,Anduin,Healer,0
Anub'arak,Braxis Holdout,53.39,21.81,10.01,Anubarak,Tank,0
Artanis,Braxis Holdout,51.31,13.26,1.96,Artanis,Bruiser,0
Arthas,Braxis Holdout,49.45,13.63,2.49,Arthas,Tank,0
Auriel,Braxis Holdout,49.48,12.62,2.23,Auriel,Healer,0
Azmodan,Braxis Holdout,51.56,18.06,9.35,Azmodan,Ranged Assassin,0
Blaze,Braxis Holdout,47.16,4.8,0.33,Blaze,Tank,0
Brightwing,Braxis Holdout,51.01,13.92,2.65,Brightwing,Healer,0
Cassia,Braxis Holdout,47.96,4.2,0.3,Cassia,Ranged Assassin,0
Chen,Braxis Holdout,51,6.67,3.32,Chen,Bruiser,0
Cho,Braxis Holdout,40.33,1.5,0.59,Cho,Tank,0
Chromie,Braxis Holdout,51.28,10.44,2.16,Chromie,Ranged Assassin,0
D.Va,Braxis Holdout,46.04,2.91,0.21,Dva,Bruiser,0
Deathwing,Braxis Holdout,66.67,5.9,5.03,Deathwing,Bruiser,0
Deckard,Braxis Holdout,46.34,5.53,0.43,Deckard,Healer,0
Dehaka,Braxis Holdout,48.1,4.86,1.18,Dehaka,Bruiser,0
Diablo,Braxis Holdout,44.01,34.54,17.58,Diablo,Tank,0
E.T.C,Braxis Holdout,53.2,23.84,8.34,Etc,Tank,0
Falstad,Braxis Holdout,51.14,7.61,0.92,Falstad,Ranged Assassin,0
Fenix,Braxis Holdout,54.12,10.74,1.29,Fenix,Ranged Assassin,0
Gall,Braxis Holdout,40.33,1.17,0.25,Gall,Ranged Assassin,0
Garrosh,Braxis Holdout,52.9,31.22,18.06,Garrosh,Tank,0
Gazlowe,Braxis Holdout,49.62,3.62,0.33,Gazlowe,Melee Assassin,0
Genji,Braxis Holdout,45.71,9.18,2.68,Genji,Ranged Assassin,0
Greymane,Braxis Holdout,47.72,7.02,0.68,Greymane,Ranged Assassin,0
Gul'dan,Braxis Holdout,48.45,29.77,7.58,Guldan,Ranged Assassin,0
Hanzo,Braxis Holdout,44.32,10.6,1.68,Hanzo,Ranged Assassin,0
Illidan,Braxis Holdout,44.48,2.87,0.5,Illidan,Melee Assassin,0
Imperius,Braxis Holdout,47.24,9.39,1.27,Imperius,Bruiser,0
Jaina,Braxis Holdout,48.8,20.03,3.5,Jaina,Ranged Assassin,0
Johanna,Braxis Holdout,50.51,30.92,9.56,Johanna,Tank,0
Junkrat,Braxis Holdout,49.33,7.76,1.06,Junkrat,Ranged Assassin,0
Kael'thas,Braxis Holdout,49.55,46.55,28.51,Kaelthas,Ranged Assassin,0
Kel'Thuzad,Braxis Holdout,53.92,16.39,5.72,Kelthuzad,Ranged Assassin,0
Kerrigan,Braxis Holdout,49.04,2.52,0.19,Kerrigan,Melee Assassin,0
Kharazim,Braxis Holdout,48.94,3.41,0.12,Kharazim,Healer,0
Leoric,Braxis Holdout,50.24,8.62,0.75,Leoric,Bruiser,0
Li Li,Braxis Holdout,48.46,16.76,4.53,Lili,Healer,0
Li-Ming,Braxis Holdout,48.54,13.59,2.7,Liming,Ranged Assassin,0
Lt. Morales,Braxis Holdout,54.71,12.28,2.8,Ltmorales,Healer,0
Lúcio,Braxis Holdout,51.48,16.03,3.62,Lucio,Healer,0
Lunara,Braxis Holdout,50.54,7.41,0.54,Lunara,Ranged Assassin,0
Maiev,Braxis Holdout,50,5.84,2.06,Maiev,Melee Assassin,0
Mal'Ganis,Braxis Holdout,51.72,8.2,2.64,Malganis,Tank,0
Malfurion,Braxis Holdout,51.05,8.6,1.14,Malfurion,Healer,0
Malthael,Braxis Holdout,50.66,8.05,1.79,Malthael,Bruiser,0
Medivh,Braxis Holdout,46.95,2.65,0.44,Medivh,Support,0
Mephisto,Braxis Holdout,50.26,3.52,0.17,Mephisto,Ranged Assassin,0
Muradin,Braxis Holdout,47.26,16.61,1.33,Muradin,Tank,0
Murky,Braxis Holdout,43.54,1.45,0.31,Murky,Melee Assassin,0
Nazeebo,Braxis Holdout,45.1,9.07,0.89,Nazeebo,Ranged Assassin,0
Nova,Braxis Holdout,46.92,2.47,0.2,Nova,Ranged Assassin,0
Orphea,Braxis Holdout,50.71,9.08,1.57,Orphea,Ranged Assassin,0
Probius,Braxis Holdout,52.68,1.25,0.14,Probius,Ranged Assassin,0
Qhira,Braxis Holdout,48.5,21.81,16.49,Qhira,Melee Assassin,0
Ragnaros,Braxis Holdout,48.36,25.58,10.84,Ragnaros,Bruiser,0
Raynor,Braxis Holdout,51.47,17.83,1.39,Raynor,Ranged Assassin,0
Rehgar,Braxis Holdout,50.16,9.03,0.66,Rehgar,Healer,0
Rexxar,Braxis Holdout,60.24,30.34,15.75,Rexxar,Bruiser,0
Samuro,Braxis Holdout,45.18,1.53,0.29,Samuro,Melee Assassin,0
Sgt. Hammer,Braxis Holdout,52.71,3.92,0.71,Sgthammer,Ranged Assassin,0
Sonya,Braxis Holdout,50.76,8.43,1.01,Sonya,Bruiser,0
Stitches,Braxis Holdout,49.24,14.44,1.36,Stitches,Tank,0
Stukov,Braxis Holdout,51.42,14.78,3.65,Stukov,Healer,0
Sylvanas,Braxis Holdout,50.91,17.07,3.4,Sylvanas,Ranged Assassin,0
Tassadar,Braxis Holdout,40.03,1.87,0.18,Tassadar,Support,0
The Butcher,Braxis Holdout,48.11,4.64,1.14,Thebutcher,Melee Assassin,0
The Lost Vikings,Braxis Holdout,29.63,0.37,0.17,Thelostvikings,Support,0
Thrall,Braxis Holdout,48.96,14.08,0.89,Thrall,Bruiser,0
Tracer,Braxis Holdout,43.83,2.13,0.27,Tracer,Ranged Assassin,0
Tychus,Braxis Holdout,48.46,6.85,0.87,Tychus,Ranged Assassin,0
Tyrael,Braxis Holdout,49.18,3.32,0.13,Tyrael,Tank,0
Tyrande,Braxis Holdout,53.03,6.05,0.67,Tyrande,Healer,0
Uther,Braxis Holdout,50.22,6.54,0.8,Uther,Healer,0
Valeera,Braxis Holdout,48.46,2.34,0.31,Valeera,Melee Assassin,0
Valla,Braxis Holdout,48.62,12.7,1.28,Valla,Ranged Assassin,0
Varian,Braxis Holdout,51.01,23.97,8.37,Varian,Bruiser,0
Whitemane,Braxis Holdout,46.79,4.04,0.32,Whitemane,Healer,0
Xul,Braxis Holdout,45.25,2.03,0.12,Xul,Bruiser,0
Yrel,Braxis Holdout,45.05,2.29,0.18,Yrel,Bruiser,0
Zagara,Braxis Holdout,53.1,6.97,1.04,Zagara,Ranged Assassin,0
Zarya,Braxis Holdout,52.4,4.39,0.45,Zarya,Support,0
Zeratul,Braxis Holdout,50.88,7.33,4.06,Zeratul,Melee Assassin,0
Zul'jin,Braxis Holdout,54.4,16.17,2.13,Zuljin,Ranged Assassin,0
Abathur,Cursed Hollow,50.21,40.07,23.23,Abathur,Support,0
Alarak,Cursed Hollow,51.56,31.2,19.46,Alarak,Melee Assassin,0
Alexstrasza,Cursed Hollow,49.76,11.62,2.23,Alexstrasza,Healer,0
Ana,Cursed Hollow,48.45,38.64,21.39,Ana,Healer,0
Anduin,Cursed Hollow,48.32,26.59,10.1,Anduin,Healer,0
Anub'arak,Cursed Hollow,50.95,44.35,26.48,Anubarak,Tank,0
Artanis,Cursed Hollow,51.02,17.81,2.28,Artanis,Bruiser,0
Arthas,Cursed Hollow,52.69,21.92,5.45,Arthas,Tank,0
Auriel,Cursed Hollow,52.19,9.45,1.15,Auriel,Healer,0
Azmodan,Cursed Hollow,47.41,31.39,18.25,Azmodan,Ranged Assassin,0
Blaze,Cursed Hollow,47.26,6.16,0.33,Blaze,Tank,0
Brightwing,Cursed Hollow,48.22,30.57,7.73,Brightwing,Healer,0
Cassia,Cursed Hollow,50.66,7.26,0.69,Cassia,Ranged Assassin,0
Chen,Cursed Hollow,50.47,6.67,2.74,Chen,Bruiser,0
Cho,Cursed Hollow,41.7,1.33,0.66,Cho,Tank,0
Chromie,Cursed Hollow,48.21,10.28,1.95,Chromie,Ranged Assassin,0
D.Va,Cursed Hollow,47.41,3.42,0.14,Dva,Bruiser,0
Deathwing,Cursed Hollow,68.4,6.07,5.25,Deathwing,Bruiser,0
Deckard,Cursed Hollow,44.69,6.69,0.55,Deckard,Healer,0
Dehaka,Cursed Hollow,48.96,29.62,11.01,Dehaka,Bruiser,0
Diablo,Cursed Hollow,47.52,64.48,35.77,Diablo,Tank,0
E.T.C,Cursed Hollow,52.97,40.26,13.89,Etc,Tank,0
Falstad,Cursed Hollow,51.81,42.63,11.61,Falstad,Ranged Assassin,0
Fenix,Cursed Hollow,52.3,8.67,0.45,Fenix,Ranged Assassin,0
Gall,Cursed Hollow,41.54,1.06,0.38,Gall,Ranged Assassin,0
Garrosh,Cursed Hollow,45.7,35.33,21.39,Garrosh,Tank,0
Gazlowe,Cursed Hollow,53.03,4.57,0.38,Gazlowe,Melee Assassin,0
Genji,Cursed Hollow,45.51,11.43,2.78,Genji,Ranged Assassin,0
Greymane,Cursed Hollow,50.98,15.18,1.63,Greymane,Ranged Assassin,0
Gul'dan,Cursed Hollow,44.12,13.83,2.3,Guldan,Ranged Assassin,0
Hanzo,Cursed Hollow,46.81,23.52,4,Hanzo,Ranged Assassin,0
Illidan,Cursed Hollow,49.34,14.23,3.84,Illidan,Melee Assassin,0
Imperius,Cursed Hollow,49.81,13.34,1.37,Imperius,Bruiser,0
Jaina,Cursed Hollow,52.65,29.8,5.68,Jaina,Ranged Assassin,0
Johanna,Cursed Hollow,51.39,39.05,12.31,Johanna,Tank,0
Junkrat,Cursed Hollow,45.9,8.07,0.92,Junkrat,Ranged Assassin,0
Kael'thas,Cursed Hollow,50.4,61.91,41.27,Kaelthas,Ranged Assassin,0
Kel'Thuzad,Cursed Hollow,45.99,14.54,6.54,Kelthuzad,Ranged Assassin,0
Kerrigan,Cursed Hollow,52.55,4.46,0.36,Kerrigan,Melee Assassin,0
Kharazim,Cursed Hollow,50.25,7.3,0.26,Kharazim,Healer,0
Leoric,Cursed Hollow,49.82,9.86,0.64,Leoric,Bruiser,0
Li Li,Cursed Hollow,49.63,27.91,7.45,Lili,Healer,0
Li-Ming,Cursed Hollow,47.95,32.15,5.37,Liming,Ranged Assassin,0
Lt. Morales,Cursed Hollow,47.89,11.69,3.07,Ltmorales,Healer,0
Lúcio,Cursed Hollow,51.68,23.54,4.98,Lucio,Healer,0
Lunara,Cursed Hollow,52.87,11.35,0.86,Lunara,Ranged Assassin,0
Maiev,Cursed Hollow,48.94,8.13,3.19,Maiev,Melee Assassin,0
Mal'Ganis,Cursed Hollow,53.48,11.68,3.56,Malganis,Tank,0
Malfurion,Cursed Hollow,48.36,9.97,1.32,Malfurion,Healer,0
Malthael,Cursed Hollow,51.74,10.09,1.35,Malthael,Bruiser,0
Medivh,Cursed Hollow,46.42,5.84,0.95,Medivh,Support,0
Mephisto,Cursed Hollow,47.44,5.13,0.27,Mephisto,Ranged Assassin,0
Muradin,Cursed Hollow,48.05,28.84,2.55,Muradin,Tank,0
Murky,Cursed Hollow,47.49,5.45,0.7,Murky,Melee Assassin,0
Nazeebo,Cursed Hollow,48.23,17.42,1.7,Nazeebo,Ranged Assassin,0
Nova,Cursed Hollow,46.71,5.72,0.39,Nova,Ranged Assassin,0
Orphea,Cursed Hollow,50.82,14.43,2.61,Orphea,Ranged Assassin,0
Probius,Cursed Hollow,46.7,1.02,0.15,Probius,Ranged Assassin,0
Qhira,Cursed Hollow,47.65,23.14,17.8,Qhira,Melee Assassin,0
Ragnaros,Cursed Hollow,56.12,9.74,1.42,Ragnaros,Bruiser,0
Raynor,Cursed Hollow,53.91,24.08,2.36,Raynor,Ranged Assassin,0
Rehgar,Cursed Hollow,52.71,18.84,1.37,Rehgar,Healer,0
Rexxar,Cursed Hollow,55.3,7.52,1.2,Rexxar,Bruiser,0
Samuro,Cursed Hollow,52.71,4.67,1.09,Samuro,Melee Assassin,0
Sgt. Hammer,Cursed Hollow,50.4,3.52,0.75,Sgthammer,Ranged Assassin,0
Sonya,Cursed Hollow,48.59,8.97,0.56,Sonya,Bruiser,0
Stitches,Cursed Hollow,44.95,17.86,1.77,Stitches,Tank,0
Stukov,Cursed Hollow,50.98,14.01,3.1,Stukov,Healer,0
Sylvanas,Cursed Hollow,51.26,21.42,4.1,Sylvanas,Ranged Assassin,0
Tassadar,Cursed Hollow,43.66,2.91,0.28,Tassadar,Support,0
The Butcher,Cursed Hollow,50.33,9.48,2.21,Thebutcher,Melee Assassin,0
The Lost Vikings,Cursed Hollow,52.22,4.17,1.42,Thelostvikings,Support,0
Thrall,Cursed Hollow,51.1,19.41,1,Thrall,Bruiser,0
Tracer,Cursed Hollow,50.68,5.24,0.68,Tracer,Ranged Assassin,0
Tychus,Cursed Hollow,51.36,11.14,1.35,Tychus,Ranged Assassin,0
Tyrael,Cursed Hollow,51.97,8.45,0.44,Tyrael,Tank,0
Tyrande,Cursed Hollow,51.24,11.6,1.75,Tyrande,Healer,0
Uther,Cursed Hollow,55.24,14.28,2.11,Uther,Healer,0
Valeera,Cursed Hollow,47.05,4.9,0.72,Valeera,Melee Assassin,0
Valla,Cursed Hollow,51.05,16.42,1.67,Valla,Ranged Assassin,0
Varian,Cursed Hollow,51.43,34.86,11.91,Varian,Bruiser,0
Whitemane,Cursed Hollow,46.88,5.26,0.49,Whitemane,Healer,0
Xul,Cursed Hollow,48.93,3.24,0.1,Xul,Bruiser,0
Yrel,Cursed Hollow,45.28,2.62,0.11,Yrel,Bruiser,0
Zagara,Cursed Hollow,50.51,9.19,1.59,Zagara,Ranged Assassin,0
Zarya,Cursed Hollow,49.14,5.54,0.34,Zarya,Support,0
Zeratul,Cursed Hollow,49.09,24.1,13.96,Zeratul,Melee Assassin,0
Zul'jin,Cursed Hollow,50.52,15.82,2.53,Zuljin,Ranged Assassin,0
Abathur,Dragon Shire,45.5,15.22,8.48,Abathur,Support,0
Alarak,Dragon Shire,53.03,32.59,20.05,Alarak,Melee Assassin,0
Alexstrasza,Dragon Shire,46,9.6,2.06,Alexstrasza,Healer,0
Ana,Dragon Shire,47.26,36.68,20.69,Ana,Healer,0
Anduin,Dragon Shire,45.26,25.1,9.59,Anduin,Healer,0
Anub'arak,Dragon Shire,53.52,40.41,24.89,Anubarak,Tank,0
Artanis,Dragon Shire,48.2,18.13,2.54,Artanis,Bruiser,0
Arthas,Dragon Shire,51.1,19.26,4.61,Arthas,Tank,0
Auriel,Dragon Shire,53.49,9.75,1.37,Auriel,Healer,0
Azmodan,Dragon Shire,49.9,25.14,14.7,Azmodan,Ranged Assassin,0
Blaze,Dragon Shire,48.59,5.63,0.33,Blaze,Tank,0
Brightwing,Dragon Shire,51.93,33.48,8.71,Brightwing,Healer,0
Cassia,Dragon Shire,47.61,6.72,0.59,Cassia,Ranged Assassin,0
Chen,Dragon Shire,49.45,8.91,4.2,Chen,Bruiser,0
Cho,Dragon Shire,41.75,1.37,0.66,Cho,Tank,0
Chromie,Dragon Shire,49.91,9.75,1.87,Chromie,Ranged Assassin,0
D.Va,Dragon Shire,49.47,2.97,0.16,Dva,Bruiser,0
Deathwing,Dragon Shire,61.04,6.11,5.3,Deathwing,Bruiser,0
Deckard,Dragon Shire,45.36,5.61,0.49,Deckard,Healer,0
Dehaka,Dragon Shire,50.03,22.37,10.08,Dehaka,Bruiser,0
Diablo,Dragon Shire,48.38,57.35,32.29,Diablo,Tank,0
E.T.C,Dragon Shire,52.05,37.4,13.43,Etc,Tank,0
Falstad,Dragon Shire,52.68,35.68,10.76,Falstad,Ranged Assassin,0
Fenix,Dragon Shire,51.85,9.21,0.55,Fenix,Ranged Assassin,0
Gall,Dragon Shire,42.05,1.08,0.38,Gall,Ranged Assassin,0
Garrosh,Dragon Shire,46.49,38.12,22.46,Garrosh,Tank,0
Gazlowe,Dragon Shire,52.9,5.12,0.4,Gazlowe,Melee Assassin,0
Genji,Dragon Shire,43.17,10.55,2.75,Genji,Ranged Assassin,0
Greymane,Dragon Shire,50.84,12.72,1.36,Greymane,Ranged Assassin,0
Gul'dan,Dragon Shire,48.48,13.5,2.12,Guldan,Ranged Assassin,0
Hanzo,Dragon Shire,45.89,20.22,3.44,Hanzo,Ranged Assassin,0
Illidan,Dragon Shire,46.24,8.65,2.12,Illidan,Melee Assassin,0
Imperius,Dragon Shire,46.58,13.81,1.65,Imperius,Bruiser,0
Jaina,Dragon Shire,52.86,28.94,5.06,Jaina,Ranged Assassin,0
Johanna,Dragon Shire,52.01,37.14,12.46,Johanna,Tank,0
Junkrat,Dragon Shire,49.83,8.37,1.04,Junkrat,Ranged Assassin,0
Kael'thas,Dragon Shire,52.12,58.92,38.47,Kaelthas,Ranged Assassin,0
Kel'Thuzad,Dragon Shire,49.24,14.34,5.85,Kelthuzad,Ranged Assassin,0
Kerrigan,Dragon Shire,54.44,4.6,0.37,Kerrigan,Melee Assassin,0
Kharazim,Dragon Shire,50.77,6.84,0.23,Kharazim,Healer,0
Leoric,Dragon Shire,51.91,11.24,0.91,Leoric,Bruiser,0
Li Li,Dragon Shire,49.13,25.99,7.06,Lili,Healer,0
Li-Ming,Dragon Shire,43.62,26.75,4.66,Liming,Ranged Assassin,0
Lt. Morales,Dragon Shire,48.82,11.9,3.16,Ltmorales,Healer,0
Lúcio,Dragon Shire,49.32,20.75,4.9,Lucio,Healer,0
Lunara,Dragon Shire,49.84,11.83,0.96,Lunara,Ranged Assassin,0
Maiev,Dragon Shire,49.46,8.46,3.42,Maiev,Melee Assassin,0
Mal'Ganis,Dragon Shire,48.05,10.71,3.43,Malganis,Tank,0
Malfurion,Dragon Shire,48.75,9.69,1.35,Malfurion,Healer,0
Malthael,Dragon Shire,52.89,10.57,1.94,Malthael,Bruiser,0
Medivh,Dragon Shire,46.29,4.67,0.78,Medivh,Support,0
Mephisto,Dragon Shire,47.7,4.02,0.23,Mephisto,Ranged Assassin,0
Muradin,Dragon Shire,49.27,27.84,2.79,Muradin,Tank,0
Murky,Dragon Shire,53.94,4.58,0.67,Murky,Melee Assassin,0
Nazeebo,Dragon Shire,48.88,18.24,1.52,Nazeebo,Ranged Assassin,0
Nova,Dragon Shire,47.66,5.35,0.41,Nova,Ranged Assassin,0
Orphea,Dragon Shire,49.14,13.7,2.33,Orphea,Ranged Assassin,0
Probius,Dragon Shire,53.16,1.22,0.19,Probius,Ranged Assassin,0
Qhira,Dragon Shire,43.87,23.45,17.93,Qhira,Melee Assassin,0
Ragnaros,Dragon Shire,54.51,6.67,0.99,Ragnaros,Bruiser,0
Raynor,Dragon Shire,51.79,23.64,2.47,Raynor,Ranged Assassin,0
Rehgar,Dragon Shire,55.35,17.78,1.37,Rehgar,Healer,0
Rexxar,Dragon Shire,59.07,25.7,11.04,Rexxar,Bruiser,0
Samuro,Dragon Shire,52.58,3.88,0.8,Samuro,Melee Assassin,0
Sgt. Hammer,Dragon Shire,49.19,3.54,0.78,Sgthammer,Ranged Assassin,0
Sonya,Dragon Shire,50.61,10.04,0.85,Sonya,Bruiser,0
Stitches,Dragon Shire,47.69,18.13,1.84,Stitches,Tank,0
Stukov,Dragon Shire,47.59,11.89,2.49,Stukov,Healer,0
Sylvanas,Dragon Shire,50.14,21.06,3.76,Sylvanas,Ranged Assassin,0
Tassadar,Dragon Shire,47.43,2.81,0.3,Tassadar,Support,0
The Butcher,Dragon Shire,51.45,9.63,2.16,Thebutcher,Melee Assassin,0
The Lost Vikings,Dragon Shire,51.63,1.73,0.59,Thelostvikings,Support,0
Thrall,Dragon Shire,49.48,20.75,1.35,Thrall,Bruiser,0
Tracer,Dragon Shire,46.76,4.74,0.59,Tracer,Ranged Assassin,0
Tychus,Dragon Shire,49.43,11.82,1.51,Tychus,Ranged Assassin,0
Tyrael,Dragon Shire,49.13,6.41,0.38,Tyrael,Tank,0
Tyrande,Dragon Shire,51.77,11.11,1.6,Tyrande,Healer,0
Uther,Dragon Shire,54.77,13.16,2.01,Uther,Healer,0
Valeera,Dragon Shire,48.46,5,0.72,Valeera,Melee Assassin,0
Valla,Dragon Shire,49.21,17.72,1.78,Valla,Ranged Assassin,0
Varian,Dragon Shire,49.29,34.58,12.11,Varian,Bruiser,0
Whitemane,Dragon Shire,48.62,5.13,0.45,Whitemane,Healer,0
Xul,Dragon Shire,50.53,3.5,0.18,Xul,Bruiser,0
Yrel,Dragon Shire,45.78,3.61,0.22,Yrel,Bruiser,0
Zagara,Dragon Shire,53.03,8.71,1.24,Zagara,Ranged Assassin,0
Zarya,Dragon Shire,49.94,4.58,0.35,Zarya,Support,0
Zeratul,Dragon Shire,49.54,21.59,12.92,Zeratul,Melee Assassin,0
Zul'jin,Dragon Shire,52.77,19.36,2.9,Zuljin,Ranged Assassin,0
Abathur,Hanamura Temple,46.64,9.8,6.06,Abathur,Support,0
Alarak,Hanamura Temple,51.54,31.47,20.96,Alarak,Melee Assassin,0
Alexstrasza,Hanamura Temple,48.5,7.43,1.62,Alexstrasza,Healer,0
Ana,Hanamura Temple,48.53,30.01,19.59,Ana,Healer,0
Anduin,Hanamura Temple,47,30.03,11.47,Anduin,Healer,0
Anub'arak,Hanamura Temple,46.46,34.31,23.51,Anubarak,Tank,0
Artanis,Hanamura Temple,54.13,23,5.17,Artanis,Bruiser,0
Arthas,Hanamura Temple,52.02,17.43,5.14,Arthas,Tank,0
Auriel,Hanamura Temple,48.87,8.75,1.45,Auriel,Healer,0
Azmodan,Hanamura Temple,49.45,20.72,12.76,Azmodan,Ranged Assassin,0
Blaze,Hanamura Temple,49.25,5.69,0.41,Blaze,Tank,0
Brightwing,Hanamura Temple,47.29,14.4,3.37,Brightwing,Healer,0
Cassia,Hanamura Temple,50.82,6.1,0.64,Cassia,Ranged Assassin,0
Chen,Hanamura Temple,51.53,9.01,4.22,Chen,Bruiser,0
Cho,Hanamura Temple,34.95,1.85,0.77,Cho,Tank,0
Chromie,Hanamura Temple,49.96,7.07,1.25,Chromie,Ranged Assassin,0
D.Va,Hanamura Temple,45.51,2.8,0.19,Dva,Bruiser,0
Deathwing,Hanamura Temple,64.35,6.15,5.36,Deathwing,Bruiser,0
Deckard,Hanamura Temple,43.88,4.75,0.53,Deckard,Healer,0
Dehaka,Hanamura Temple,42.71,3.05,0.85,Dehaka,Bruiser,0
Diablo,Hanamura Temple,42.5,40.55,26.6,Diablo,Tank,0
E.T.C,Hanamura Temple,54.8,34.7,14.18,Etc,Tank,0
Falstad,Hanamura Temple,49.99,11.98,2.34,Falstad,Ranged Assassin,0
Fenix,Hanamura Temple,52.67,7.51,0.53,Fenix,Ranged Assassin,0
Gall,Hanamura Temple,34.95,1.45,0.37,Gall,Ranged Assassin,0
Garrosh,Hanamura Temple,47.43,33.57,22.04,Garrosh,Tank,0
Gazlowe,Hanamura Temple,50.87,3.03,0.3,Gazlowe,Melee Assassin,0
Genji,Hanamura Temple,43.7,9.03,2.82,Genji,Ranged Assassin,0
Greymane,Hanamura Temple,51.26,11.77,1.56,Greymane,Ranged Assassin,0
Gul'dan,Hanamura Temple,46.26,13.19,2.5,Guldan,Ranged Assassin,0
Hanzo,Hanamura Temple,44.39,14.52,3.52,Hanzo,Ranged Assassin,0
Illidan,Hanamura Temple,48.19,6.21,1.74,Illidan,Melee Assassin,0
Imperius,Hanamura Temple,48.24,11.31,1.51,Imperius,Bruiser,0
Jaina,Hanamura Temple,53.72,23.71,5.44,Jaina,Ranged Assassin,0
Johanna,Hanamura Temple,53.09,36.49,13.83,Johanna,Tank,0
Junkrat,Hanamura Temple,45.28,6.13,0.95,Junkrat,Ranged Assassin,0
Kael'thas,Hanamura Temple,50.54,52.56,37.83,Kaelthas,Ranged Assassin,0
Kel'Thuzad,Hanamura Temple,47.54,14.07,6.94,Kelthuzad,Ranged Assassin,0
Kerrigan,Hanamura Temple,53.32,3.28,0.36,Kerrigan,Melee Assassin,0
Kharazim,Hanamura Temple,49.67,4.77,0.22,Kharazim,Healer,0
Leoric,Hanamura Temple,50.66,7.9,0.68,Leoric,Bruiser,0
Li Li,Hanamura Temple,50.47,22.65,6.91,Lili,Healer,0
Li-Ming,Hanamura Temple,47.99,26.87,5.38,Liming,Ranged Assassin,0
Lt. Morales,Hanamura Temple,52.73,10.17,2.98,Ltmorales,Healer,0
Lúcio,Hanamura Temple,53.49,21.06,5.75,Lucio,Healer,0
Lunara,Hanamura Temple,54.17,11.59,1.12,Lunara,Ranged Assassin,0
Maiev,Hanamura Temple,48.92,6.38,2.58,Maiev,Melee Assassin,0
Mal'Ganis,Hanamura Temple,53.9,10.09,3.07,Malganis,Tank,0
Malfurion,Hanamura Temple,49.39,7.97,1.23,Malfurion,Healer,0
Malthael,Hanamura Temple,48.53,8.45,1.86,Malthael,Bruiser,0
Medivh,Hanamura Temple,45.9,4.13,0.79,Medivh,Support,0
Mephisto,Hanamura Temple,50.11,4.99,0.39,Mephisto,Ranged Assassin,0
Muradin,Hanamura Temple,48.02,24.42,2.83,Muradin,Tank,0
Murky,Hanamura Temple,47.28,1.98,0.42,Murky,Melee Assassin,0
Nazeebo,Hanamura Temple,44.01,10.37,1.21,Nazeebo,Ranged Assassin,0
Nova,Hanamura Temple,46.32,4.83,0.44,Nova,Ranged Assassin,0
Orphea,Hanamura Temple,49.25,10.59,1.92,Orphea,Ranged Assassin,0
Probius,Hanamura Temple,48.15,0.67,0.13,Probius,Ranged Assassin,0
Qhira,Hanamura Temple,44.26,24.81,19.35,Qhira,Melee Assassin,0
Ragnaros,Hanamura Temple,49.66,4.46,0.81,Ragnaros,Bruiser,0
Raynor,Hanamura Temple,53.09,20.71,2.61,Raynor,Ranged Assassin,0
Rehgar,Hanamura Temple,53.98,13.48,1.37,Rehgar,Healer,0
Rexxar,Hanamura Temple,59.32,12.41,4.79,Rexxar,Bruiser,0
Samuro,Hanamura Temple,49.79,3.31,0.95,Samuro,Melee Assassin,0
Sgt. Hammer,Hanamura Temple,50.98,2.67,0.64,Sgthammer,Ranged Assassin,0
Sonya,Hanamura Temple,51.58,7.99,0.83,Sonya,Bruiser,0
Stitches,Hanamura Temple,47.52,13.79,1.71,Stitches,Tank,0
Stukov,Hanamura Temple,52.76,11.97,2.89,Stukov,Healer,0
Sylvanas,Hanamura Temple,51.17,19.06,4.96,Sylvanas,Ranged Assassin,0
Tassadar,Hanamura Temple,44.38,2.82,0.32,Tassadar,Support,0
The Butcher,Hanamura Temple,49.27,7.25,2.13,Thebutcher,Melee Assassin,0
The Lost Vikings,Hanamura Temple,38.98,0.62,0.33,Thelostvikings,Support,0
Thrall,Hanamura Temple,50.64,20.72,1.68,Thrall,Bruiser,0
Tracer,Hanamura Temple,51.43,5,0.9,Tracer,Ranged Assassin,0
Tychus,Hanamura Temple,49.73,9.4,1.44,Tychus,Ranged Assassin,0
Tyrael,Hanamura Temple,51.64,5.42,0.34,Tyrael,Tank,0
Tyrande,Hanamura Temple,50.88,7.81,1.28,Tyrande,Healer,0
Uther,Hanamura Temple,52.77,10.8,1.87,Uther,Healer,0
Valeera,Hanamura Temple,49.23,3.7,0.8,Valeera,Melee Assassin,0
Valla,Hanamura Temple,51.99,17.38,2,Valla,Ranged Assassin,0
Varian,Hanamura Temple,51.12,31.56,12.5,Varian,Bruiser,0
Whitemane,Hanamura Temple,46.31,4.03,0.36,Whitemane,Healer,0
Xul,Hanamura Temple,48.84,1.92,0.09,Xul,Bruiser,0
Yrel,Hanamura Temple,47.2,2.49,0.14,Yrel,Bruiser,0
Zagara,Hanamura Temple,47.57,4.16,0.68,Zagara,Ranged Assassin,0
Zarya,Hanamura Temple,51.23,5.47,0.73,Zarya,Support,0
Zeratul,Hanamura Temple,47.27,15.23,10.35,Zeratul,Melee Assassin,0
Zul'jin,Hanamura Temple,50.12,17.15,3.09,Zuljin,Ranged Assassin,0
Abathur,Infernal Shrines,46.92,17.85,9.9,Abathur,Support,0
Alarak,Infernal Shrines,50.58,32.83,20.4,Alarak,Melee Assassin,0
Alexstrasza,Infernal Shrines,48.45,22.87,5.95,Alexstrasza,Healer,0
Ana,Infernal Shrines,50.13,41.86,23.87,Ana,Healer,0
Anduin,Infernal Shrines,47.02,28.97,11.09,Anduin,Healer,0
Anub'arak,Infernal Shrines,50.74,45.81,29.15,Anubarak,Tank,0
Artanis,Infernal Shrines,48.88,17.45,2.66,Artanis,Bruiser,0
Arthas,Infernal Shrines,50.99,24.5,5.98,Arthas,Tank,0
Auriel,Infernal Shrines,53.57,12.85,1.83,Auriel,Healer,0
Azmodan,Infernal Shrines,50.63,43.06,24.22,Azmodan,Ranged Assassin,0
Blaze,Infernal Shrines,48.58,9.65,0.68,Blaze,Tank,0
Brightwing,Infernal Shrines,48.74,17.51,3.44,Brightwing,Healer,0
Cassia,Infernal Shrines,48.1,6.73,0.63,Cassia,Ranged Assassin,0
Chen,Infernal Shrines,43.95,6.84,2.97,Chen,Bruiser,0
Cho,Infernal Shrines,49.03,2.08,0.93,Cho,Tank,0
Chromie,Infernal Shrines,48.03,9.76,2.1,Chromie,Ranged Assassin,0
D.Va,Infernal Shrines,51.41,5.64,0.32,Dva,Bruiser,0
Deathwing,Infernal Shrines,62.42,6.15,5.35,Deathwing,Bruiser,0
Deckard,Infernal Shrines,45.37,7.84,0.72,Deckard,Healer,0
Dehaka,Infernal Shrines,47.86,9.83,2.16,Dehaka,Bruiser,0
Diablo,Infernal Shrines,45.61,65.54,38.44,Diablo,Tank,0
E.T.C,Infernal Shrines,53.47,38.84,14.31,Etc,Tank,0
Falstad,Infernal Shrines,52.36,17.32,2.35,Falstad,Ranged Assassin,0
Fenix,Infernal Shrines,52.43,10.28,0.61,Fenix,Ranged Assassin,0
Gall,Infernal Shrines,48.92,1.64,0.49,Gall,Ranged Assassin,0
Garrosh,Infernal Shrines,45.84,36.38,22.54,Garrosh,Tank,0
Gazlowe,Infernal Shrines,53,6.53,0.56,Gazlowe,Melee Assassin,0
Genji,Infernal Shrines,41.1,8.94,2.4,Genji,Ranged Assassin,0
Greymane,Infernal Shrines,51.71,13.63,1.49,Greymane,Ranged Assassin,0
Gul'dan,Infernal Shrines,48.82,28.15,6.55,Guldan,Ranged Assassin,0
Hanzo,Infernal Shrines,45.84,22.79,4.14,Hanzo,Ranged Assassin,0
Illidan,Infernal Shrines,48.83,7.79,1.92,Illidan,Melee Assassin,0
Imperius,Infernal Shrines,43.48,14.1,1.61,Imperius,Bruiser,0
Jaina,Infernal Shrines,50.12,37.9,8.87,Jaina,Ranged Assassin,0
Johanna,Infernal Shrines,51.89,51.51,15.7,Johanna,Tank,0
Junkrat,Infernal Shrines,51.34,11.67,1.38,Junkrat,Ranged Assassin,0
Kael'thas,Infernal Shrines,52.55,76.62,48.6,Kaelthas,Ranged Assassin,0
Kel'Thuzad,Infernal Shrines,54.2,18.62,7.74,Kelthuzad,Ranged Assassin,0
Kerrigan,Infernal Shrines,54.8,10.39,1.62,Kerrigan,Melee Assassin,0
Kharazim,Infernal Shrines,48.78,6.2,0.19,Kharazim,Healer,0
Leoric,Infernal Shrines,52.06,15.78,1.32,Leoric,Bruiser,0
Li Li,Infernal Shrines,48.34,26.81,7.58,Lili,Healer,0
Li-Ming,Infernal Shrines,44.4,17.86,3.89,Liming,Ranged Assassin,0
Lt. Morales,Infernal Shrines,48.9,11.92,3.18,Ltmorales,Healer,0
Lúcio,Infernal Shrines,50.14,23.6,5.27,Lucio,Healer,0
Lunara,Infernal Shrines,51.57,11.22,0.93,Lunara,Ranged Assassin,0
Maiev,Infernal Shrines,50.46,10.7,4.26,Maiev,Melee Assassin,0
Mal'Ganis,Infernal Shrines,51.04,12.38,3.97,Malganis,Tank,0
Malfurion,Infernal Shrines,49.77,10.68,1.57,Malfurion,Healer,0
Malthael,Infernal Shrines,54.88,12.48,2.14,Malthael,Bruiser,0
Medivh,Infernal Shrines,42.04,5.72,0.93,Medivh,Support,0
Mephisto,Infernal Shrines,49.98,6.38,0.39,Mephisto,Ranged Assassin,0
Muradin,Infernal Shrines,47.39,25.55,2.62,Muradin,Tank,0
Murky,Infernal Shrines,54.82,6.38,0.69,Murky,Melee Assassin,0
Nazeebo,Infernal Shrines,49.02,18.56,2.23,Nazeebo,Ranged Assassin,0
Nova,Infernal Shrines,43.35,3.92,0.36,Nova,Ranged Assassin,0
Orphea,Infernal Shrines,47.19,16.43,3.26,Orphea,Ranged Assassin,0
Probius,Infernal Shrines,54.09,1.63,0.2,Probius,Ranged Assassin,0
Qhira,Infernal Shrines,41.24,22.97,17.82,Qhira,Melee Assassin,0
Ragnaros,Infernal Shrines,56.35,14.62,2.55,Ragnaros,Bruiser,0
Raynor,Infernal Shrines,51.96,25.4,2.73,Raynor,Ranged Assassin,0
Rehgar,Infernal Shrines,55.26,18.76,1.3,Rehgar,Healer,0
Rexxar,Infernal Shrines,53.77,5.42,0.97,Rexxar,Bruiser,0
Samuro,Infernal Shrines,49.9,3.33,0.83,Samuro,Melee Assassin,0
Sgt. Hammer,Infernal Shrines,53.77,5.78,1.3,Sgthammer,Ranged Assassin,0
Sonya,Infernal Shrines,52.97,17.57,2.04,Sonya,Bruiser,0
Stitches,Infernal Shrines,47.6,18.41,1.97,Stitches,Tank,0
Stukov,Infernal Shrines,51.44,18.14,4.3,Stukov,Healer,0
Sylvanas,Infernal Shrines,50.81,25.52,5.67,Sylvanas,Ranged Assassin,0
Tassadar,Infernal Shrines,47.89,3.61,0.32,Tassadar,Support,0
The Butcher,Infernal Shrines,48.12,8.73,2.25,Thebutcher,Melee Assassin,0
The Lost Vikings,Infernal Shrines,45.58,1.68,0.61,Thelostvikings,Support,0
Thrall,Infernal Shrines,51.22,18.26,1.21,Thrall,Bruiser,0
Tracer,Infernal Shrines,48.91,4.39,0.64,Tracer,Ranged Assassin,0
Tychus,Infernal Shrines,47.89,12.27,1.6,Tychus,Ranged Assassin,0
Tyrael,Infernal Shrines,50.66,7.85,0.46,Tyrael,Tank,0
Tyrande,Infernal Shrines,51.35,10.38,1.64,Tyrande,Healer,0
Uther,Infernal Shrines,53.62,13.63,2.05,Uther,Healer,0
Valeera,Infernal Shrines,47.76,3.91,0.63,Valeera,Melee Assassin,0
Valla,Infernal Shrines,52.29,19.93,2.34,Valla,Ranged Assassin,0
Varian,Infernal Shrines,49.24,31.61,11.39,Varian,Bruiser,0
Whitemane,Infernal Shrines,45.64,5.53,0.5,Whitemane,Healer,0
Xul,Infernal Shrines,51.9,6.72,0.3,Xul,Bruiser,0
Yrel,Infernal Shrines,45.61,3.22,0.1,Yrel,Bruiser,0
Zagara,Infernal Shrines,51.43,5.55,0.78,Zagara,Ranged Assassin,0
Zarya,Infernal Shrines,52.38,6.66,0.38,Zarya,Support,0
Zeratul,Infernal Shrines,49.58,23.71,14.54,Zeratul,Melee Assassin,0
Zul'jin,Infernal Shrines,50.57,18.33,2.88,Zuljin,Ranged Assassin,0
Abathur,Sky Temple,49.6,34.02,20.67,Abathur,Support,0
Alarak,Sky Temple,49.52,32.37,19.95,Alarak,Melee Assassin,0
Alexstrasza,Sky Temple,49.38,10.85,2.06,Alexstrasza,Healer,0
Ana,Sky Temple,49.78,40.65,22.85,Ana,Healer,0
Anduin,Sky Temple,46.22,28.64,10.77,Anduin,Healer,0
Anub'arak,Sky Temple,52.47,47.66,28.91,Anubarak,Tank,0
Artanis,Sky Temple,52.14,21.45,2.81,Artanis,Bruiser,0
Arthas,Sky Temple,52.96,22.35,5.61,Arthas,Tank,0
Auriel,Sky Temple,48.42,9.53,1.26,Auriel,Healer,0
Azmodan,Sky Temple,48.45,32.5,19.6,Azmodan,Ranged Assassin,0
Blaze,Sky Temple,49.81,6.8,0.38,Blaze,Tank,0
Brightwing,Sky Temple,49.34,33.35,8.47,Brightwing,Healer,0
Cassia,Sky Temple,48.18,7.89,0.73,Cassia,Ranged Assassin,0
Chen,Sky Temple,51.09,7.65,3.21,Chen,Bruiser,0
Cho,Sky Temple,38.67,1.52,0.69,Cho,Tank,0
Chromie,Sky Temple,45.9,8.78,1.64,Chromie,Ranged Assassin,0
D.Va,Sky Temple,48.58,3.65,0.24,Dva,Bruiser,0
Deathwing,Sky Temple,63.56,6.09,5.23,Deathwing,Bruiser,0
Deckard,Sky Temple,46.31,6.05,0.55,Deckard,Healer,0
Dehaka,Sky Temple,49.25,25.07,10.53,Dehaka,Bruiser,0
Diablo,Sky Temple,46.43,61.11,35.89,Diablo,Tank,0
E.T.C,Sky Temple,53.65,42.46,14.3,Etc,Tank,0
Falstad,Sky Temple,53.55,44.6,13.12,Falstad,Ranged Assassin,0
Fenix,Sky Temple,53.84,9.8,0.54,Fenix,Ranged Assassin,0
Gall,Sky Temple,38.86,1.19,0.37,Gall,Ranged Assassin,0
Garrosh,Sky Temple,45.03,39.32,23.65,Garrosh,Tank,0
Gazlowe,Sky Temple,52.57,5.35,0.47,Gazlowe,Melee Assassin,0
Genji,Sky Temple,43.57,11.49,2.91,Genji,Ranged Assassin,0
Greymane,Sky Temple,51.76,15.74,1.64,Greymane,Ranged Assassin,0
Gul'dan,Sky Temple,45.76,15.26,2.39,Guldan,Ranged Assassin,0
Hanzo,Sky Temple,45.39,19.22,3.53,Hanzo,Ranged Assassin,0
Illidan,Sky Temple,50.32,12.6,3.15,Illidan,Melee Assassin,0
Imperius,Sky Temple,45.2,14.09,1.36,Imperius,Bruiser,0
Jaina,Sky Temple,53.83,33.74,6.33,Jaina,Ranged Assassin,0
Johanna,Sky Temple,52.32,43.54,13.9,Johanna,Tank,0
Junkrat,Sky Temple,46.74,6.98,0.79,Junkrat,Ranged Assassin,0
Kael'thas,Sky Temple,51.86,65.64,43.44,Kaelthas,Ranged Assassin,0
Kel'Thuzad,Sky Temple,49.25,15.43,6.48,Kelthuzad,Ranged Assassin,0
Kerrigan,Sky Temple,53.77,5.16,0.34,Kerrigan,Melee Assassin,0
Kharazim,Sky Temple,51.41,7.59,0.25,Kharazim,Healer,0
Leoric,Sky Temple,50.84,9.94,0.64,Leoric,Bruiser,0
Li Li,Sky Temple,49.73,29.74,7.99,Lili,Healer,0
Li-Ming,Sky Temple,45.16,28.85,4.84,Liming,Ranged Assassin,0
Lt. Morales,Sky Temple,48.15,12.4,3.33,Ltmorales,Healer,0
Lúcio,Sky Temple,51.78,24.72,5.51,Lucio,Healer,0
Lunara,Sky Temple,50.68,12.99,0.94,Lunara,Ranged Assassin,0
Maiev,Sky Temple,47.06,9.1,3.63,Maiev,Melee Assassin,0
Mal'Ganis,Sky Temple,49.66,11.83,3.74,Malganis,Tank,0
Malfurion,Sky Temple,47.66,10.32,1.4,Malfurion,Healer,0
Malthael,Sky Temple,51.58,10.98,1.62,Malthael,Bruiser,0
Medivh,Sky Temple,43.36,5.36,0.99,Medivh,Support,0
Mephisto,Sky Temple,45.11,4.69,0.26,Mephisto,Ranged Assassin,0
Muradin,Sky Temple,47.44,31.04,3.06,Muradin,Tank,0
Murky,Sky Temple,54.75,7.09,0.93,Murky,Melee Assassin,0
Nazeebo,Sky Temple,47.1,17.75,1.69,Nazeebo,Ranged Assassin,0
Nova,Sky Temple,45.76,5.46,0.36,Nova,Ranged Assassin,0
Orphea,Sky Temple,49.53,15.91,2.87,Orphea,Ranged Assassin,0
Probius,Sky Temple,47.87,1.1,0.17,Probius,Ranged Assassin,0
Qhira,Sky Temple,44.68,23.83,18.35,Qhira,Melee Assassin,0
Ragnaros,Sky Temple,55.08,9.85,1.43,Ragnaros,Bruiser,0
Raynor,Sky Temple,52.71,26.37,2.69,Raynor,Ranged Assassin,0
Rehgar,Sky Temple,56,20.33,1.71,Rehgar,Healer,0
Rexxar,Sky Temple,56.54,9.54,1.81,Rexxar,Bruiser,0
Samuro,Sky Temple,52.6,5.44,1.28,Samuro,Melee Assassin,0
Sgt. Hammer,Sky Temple,47.47,3.82,0.92,Sgthammer,Ranged Assassin,0
Sonya,Sky Temple,52.58,11.34,0.81,Sonya,Bruiser,0
Stitches,Sky Temple,45.39,17.85,1.94,Stitches,Tank,0
Stukov,Sky Temple,48.91,13.85,3.08,Stukov,Healer,0
Sylvanas,Sky Temple,52.04,24.01,4.69,Sylvanas,Ranged Assassin,0
Tassadar,Sky Temple,46.03,3.09,0.36,Tassadar,Support,0
The Butcher,Sky Temple,51.92,10.23,2.39,Thebutcher,Melee Assassin,0
The Lost Vikings,Sky Temple,50.72,3.22,1.15,Thelostvikings,Support,0
Thrall,Sky Temple,50.07,21.19,1.17,Thrall,Bruiser,0
Tracer,Sky Temple,47.81,5.88,0.72,Tracer,Ranged Assassin,0
Tychus,Sky Temple,48.64,12.03,1.41,Tychus,Ranged Assassin,0
Tyrael,Sky Temple,51.21,8.17,0.46,Tyrael,Tank,0
Tyrande,Sky Temple,50.77,11.55,1.7,Tyrande,Healer,0
Uther,Sky Temple,53.5,14.67,2.08,Uther,Healer,0
Valeera,Sky Temple,49.66,5.18,0.78,Valeera,Melee Assassin,0
Valla,Sky Temple,50.82,18.88,1.83,Valla,Ranged Assassin,0
Varian,Sky Temple,50.8,37.65,12.52,Varian,Bruiser,0
Whitemane,Sky Temple,46.27,5.56,0.49,Whitemane,Healer,0
Xul,Sky Temple,53.17,4.49,0.21,Xul,Bruiser,0
Yrel,Sky Temple,46.65,3.18,0.1,Yrel,Bruiser,0
Zagara,Sky Temple,50.9,9.39,1.53,Zagara,Ranged Assassin,0
Zarya,Sky Temple,50.62,5.79,0.34,Zarya,Support,0
Zeratul,Sky Temple,52.1,24.29,14.27,Zeratul,Melee Assassin,0
Zul'jin,Sky Temple,46.46,17.15,2.82,Zuljin,Ranged Assassin,0
Abathur,Tomb of the Spider Queen,42.28,6.54,3.32,Abathur,Support,0
Alarak,Tomb of the Spider Queen,52.43,34.02,20.44,Alarak,Melee Assassin,0
Alexstrasza,Tomb of the Spider Queen,47.92,10.96,2.39,Alexstrasza,Healer,0
Ana,Tomb of the Spider Queen,48.81,42.71,24.19,Ana,Healer,0
Anduin,Tomb of the Spider Queen,48.38,30.81,12.02,Anduin,Healer,0
Anub'arak,Tomb of the Spider Queen,51.16,44.96,28.93,Anubarak,Tank,0
Artanis,Tomb of the Spider Queen,49.21,16.74,2.25,Artanis,Bruiser,0
Arthas,Tomb of the Spider Queen,49.74,20.68,5.15,Arthas,Tank,0
Auriel,Tomb of the Spider Queen,50.18,13.2,1.97,Auriel,Healer,0
Azmodan,Tomb of the Spider Queen,50.06,41.02,23.31,Azmodan,Ranged Assassin,0
Blaze,Tomb of the Spider Queen,50.47,8.78,0.6,Blaze,Tank,0
Brightwing,Tomb of the Spider Queen,49.86,15.19,2.9,Brightwing,Healer,0
Cassia,Tomb of the Spider Queen,46.99,6.62,0.65,Cassia,Ranged Assassin,0
Chen,Tomb of the Spider Queen,50.4,6.84,3.13,Chen,Bruiser,0
Cho,Tomb of the Spider Queen,40.5,2.13,1.03,Cho,Tank,0
Chromie,Tomb of the Spider Queen,47.59,8.65,1.83,Chromie,Ranged Assassin,0
D.Va,Tomb of the Spider Queen,46.7,4.19,0.18,Dva,Bruiser,0
Deathwing,Tomb of the Spider Queen,63.36,6.12,5.29,Deathwing,Bruiser,0
Deckard,Tomb of the Spider Queen,47.61,7.49,0.73,Deckard,Healer,0
Dehaka,Tomb of the Spider Queen,51.3,4.19,0.63,Dehaka,Bruiser,0
Diablo,Tomb of the Spider Queen,45.66,63.1,37.56,Diablo,Tank,0
E.T.C,Tomb of the Spider Queen,53.79,37.34,14.06,Etc,Tank,0
Falstad,Tomb of the Spider Queen,52.15,10.58,1.1,Falstad,Ranged Assassin,0
Fenix,Tomb of the Spider Queen,54.52,10.49,0.68,Fenix,Ranged Assassin,0
Gall,Tomb of the Spider Queen,40.63,1.66,0.55,Gall,Ranged Assassin,0
Garrosh,Tomb of the Spider Queen,47.53,41.44,26.39,Garrosh,Tank,0
Gazlowe,Tomb of the Spider Queen,53.64,3.89,0.3,Gazlowe,Melee Assassin,0
Genji,Tomb of the Spider Queen,40.47,8.6,2.35,Genji,Ranged Assassin,0
Greymane,Tomb of the Spider Queen,48.95,12.42,1.3,Greymane,Ranged Assassin,0
Gul'dan,Tomb of the Spider Queen,48.56,29.05,7.02,Guldan,Ranged Assassin,0
Hanzo,Tomb of the Spider Queen,45.33,19.41,3.75,Hanzo,Ranged Assassin,0
Illidan,Tomb of the Spider Queen,47.34,5.11,1.17,Illidan,Melee Assassin,0
Imperius,Tomb of the Spider Queen,45.22,13.95,1.62,Imperius,Bruiser,0
Jaina,Tomb of the Spider Queen,52.11,36.56,7.73,Jaina,Ranged Assassin,0
Johanna,Tomb of the Spider Queen,53.87,53.97,17.25,Johanna,Tank,0
Junkrat,Tomb of the Spider Queen,50.19,10.48,1.3,Junkrat,Ranged Assassin,0
Kael'thas,Tomb of the Spider Queen,53.02,72.44,46.17,Kaelthas,Ranged Assassin,0
Kel'Thuzad,Tomb of the Spider Queen,53.9,19.18,7.78,Kelthuzad,Ranged Assassin,0
Kerrigan,Tomb of the Spider Queen,53.41,7.17,0.71,Kerrigan,Melee Assassin,0
Kharazim,Tomb of the Spider Queen,48.45,6.03,0.26,Kharazim,Healer,0
Leoric,Tomb of the Spider Queen,49.75,16.54,1.32,Leoric,Bruiser,0
Li Li,Tomb of the Spider Queen,48.28,27.5,7.74,Lili,Healer,0
Li-Ming,Tomb of the Spider Queen,43.52,18.37,3.82,Liming,Ranged Assassin,0
Lt. Morales,Tomb of the Spider Queen,50.48,12.27,3.25,Ltmorales,Healer,0
Lúcio,Tomb of the Spider Queen,50.53,24.95,6.23,Lucio,Healer,0
Lunara,Tomb of the Spider Queen,52.51,11.94,0.97,Lunara,Ranged Assassin,0
Maiev,Tomb of the Spider Queen,52.58,11.14,4.45,Maiev,Melee Assassin,0
Mal'Ganis,Tomb of the Spider Queen,49.96,10.79,3.82,Malganis,Tank,0
Malfurion,Tomb of the Spider Queen,51.76,12.25,1.84,Malfurion,Healer,0
Malthael,Tomb of the Spider Queen,50.28,10.36,1.86,Malthael,Bruiser,0
Medivh,Tomb of the Spider Queen,44.07,5.39,1,Medivh,Support,0
Mephisto,Tomb of the Spider Queen,48.58,4.83,0.36,Mephisto,Ranged Assassin,0
Muradin,Tomb of the Spider Queen,46.67,24.36,2.73,Muradin,Tank,0
Murky,Tomb of the Spider Queen,49.88,3.59,0.58,Murky,Melee Assassin,0
Nazeebo,Tomb of the Spider Queen,49.99,35.41,5.07,Nazeebo,Ranged Assassin,0
Nova,Tomb of the Spider Queen,46.19,4.31,0.39,Nova,Ranged Assassin,0
Orphea,Tomb of the Spider Queen,48.78,14.83,3.03,Orphea,Ranged Assassin,0
Probius,Tomb of the Spider Queen,50.84,1.38,0.2,Probius,Ranged Assassin,0
Qhira,Tomb of the Spider Queen,44.1,23.23,18.08,Qhira,Melee Assassin,0
Ragnaros,Tomb of the Spider Queen,54.12,22.5,5.12,Ragnaros,Bruiser,0
Raynor,Tomb of the Spider Queen,51.05,25.57,2.79,Raynor,Ranged Assassin,0
Rehgar,Tomb of the Spider Queen,52.45,18.96,1.48,Rehgar,Healer,0
Rexxar,Tomb of the Spider Queen,57.08,6.72,1.2,Rexxar,Bruiser,0
Samuro,Tomb of the Spider Queen,49.69,2.47,0.46,Samuro,Melee Assassin,0
Sgt. Hammer,Tomb of the Spider Queen,49,3.44,0.71,Sgthammer,Ranged Assassin,0
Sonya,Tomb of the Spider Queen,50.78,10.23,0.83,Sonya,Bruiser,0
Stitches,Tomb of the Spider Queen,48.79,22.16,2.4,Stitches,Tank,0
Stukov,Tomb of the Spider Queen,48.55,17.34,4.29,Stukov,Healer,0
Sylvanas,Tomb of the Spider Queen,49.91,28.72,7,Sylvanas,Ranged Assassin,0
Tassadar,Tomb of the Spider Queen,48.9,4.19,0.35,Tassadar,Support,0
The Butcher,Tomb of the Spider Queen,54.58,10.55,2.37,Thebutcher,Melee Assassin,0
The Lost Vikings,Tomb of the Spider Queen,35.61,0.68,0.35,Thelostvikings,Support,0
Thrall,Tomb of the Spider Queen,49.92,20.01,1.22,Thrall,Bruiser,0
Tracer,Tomb of the Spider Queen,45.85,4.45,0.6,Tracer,Ranged Assassin,0
Tychus,Tomb of the Spider Queen,47.83,11.63,1.54,Tychus,Ranged Assassin,0
Tyrael,Tomb of the Spider Queen,47.88,6.43,0.32,Tyrael,Tank,0
Tyrande,Tomb of the Spider Queen,53.65,11.38,1.81,Tyrande,Healer,0
Uther,Tomb of the Spider Queen,54.66,13.88,2.03,Uther,Healer,0
Valeera,Tomb of the Spider Queen,46.63,4.02,0.66,Valeera,Melee Assassin,0
Valla,Tomb of the Spider Queen,49,18.58,2.12,Valla,Ranged Assassin,0
Varian,Tomb of the Spider Queen,49.49,31.11,11.51,Varian,Bruiser,0
Whitemane,Tomb of the Spider Queen,45.21,5.88,0.61,Whitemane,Healer,0
Xul,Tomb of the Spider Queen,54.72,12.95,1.26,Xul,Bruiser,0
Yrel,Tomb of the Spider Queen,44.05,3.15,0.11,Yrel,Bruiser,0
Zagara,Tomb of the Spider Queen,50.5,6.16,1.18,Zagara,Ranged Assassin,0
Zarya,Tomb of the Spider Queen,46.38,6.16,0.39,Zarya,Support,0
Zeratul,Tomb of the Spider Queen,51.18,21.28,13.25,Zeratul,Melee Assassin,0
Zul'jin,Tomb of the Spider Queen,53.08,18.71,2.85,Zuljin,Ranged Assassin,0
Abathur,Towers of Doom,49.28,28.07,17.28,Abathur,Support,0
Alarak,Towers of Doom,53.53,34.54,20.64,Alarak,Melee Assassin,0
Alexstrasza,Towers of Doom,47.17,10.8,2.27,Alexstrasza,Healer,0
Ana,Towers of Doom,50.35,42.91,24.16,Ana,Healer,0
Anduin,Towers of Doom,47.61,30.13,10.9,Anduin,Healer,0
Anub'arak,Towers of Doom,51.49,48.22,29.63,Anubarak,Tank,0
Artanis,Towers of Doom,48.76,19.28,2.68,Artanis,Bruiser,0
Arthas,Towers of Doom,53.88,20.87,4.89,Arthas,Tank,0
Auriel,Towers of Doom,50.57,9.93,1.4,Auriel,Healer,0
Azmodan,Towers of Doom,50.12,33.01,19.68,Azmodan,Ranged Assassin,0
Blaze,Towers of Doom,47.44,6.92,0.4,Blaze,Tank,0
Brightwing,Towers of Doom,48.74,28.27,6.85,Brightwing,Healer,0
Cassia,Towers of Doom,47.94,7.43,0.66,Cassia,Ranged Assassin,0
Chen,Towers of Doom,50.64,7.4,3.09,Chen,Bruiser,0
Cho,Towers of Doom,43.15,1.62,0.76,Cho,Tank,0
Chromie,Towers of Doom,47.84,16.06,4.14,Chromie,Ranged Assassin,0
D.Va,Towers of Doom,46.52,3.97,0.18,Dva,Bruiser,0
Deathwing,Towers of Doom,61.39,6.1,5.21,Deathwing,Bruiser,0
Deckard,Towers of Doom,45.72,6.54,0.61,Deckard,Healer,0
Dehaka,Towers of Doom,48.85,23.28,8.8,Dehaka,Bruiser,0
Diablo,Towers of Doom,46.48,65,37.51,Diablo,Tank,0
E.T.C,Towers of Doom,52.86,39.79,13.67,Etc,Tank,0
Falstad,Towers of Doom,51.29,32.92,8.35,Falstad,Ranged Assassin,0
Fenix,Towers of Doom,54.49,9.76,0.58,Fenix,Ranged Assassin,0
Gall,Towers of Doom,43.15,1.32,0.47,Gall,Ranged Assassin,0
Garrosh,Towers of Doom,46.6,41.04,24.91,Garrosh,Tank,0
Gazlowe,Towers of Doom,52.33,4.44,0.37,Gazlowe,Melee Assassin,0
Genji,Towers of Doom,43.13,12.59,3.08,Genji,Ranged Assassin,0
Greymane,Towers of Doom,48.81,14.17,1.47,Greymane,Ranged Assassin,0
Gul'dan,Towers of Doom,45.84,15.07,2.38,Guldan,Ranged Assassin,0
Hanzo,Towers of Doom,45.88,23.58,4.38,Hanzo,Ranged Assassin,0
Illidan,Towers of Doom,47.08,9.18,2.49,Illidan,Melee Assassin,0
Imperius,Towers of Doom,49.37,15.57,1.61,Imperius,Bruiser,0
Jaina,Towers of Doom,52.71,31.56,6.34,Jaina,Ranged Assassin,0
Johanna,Towers of Doom,49.63,41.3,13.4,Johanna,Tank,0
Junkrat,Towers of Doom,45.56,9.65,1.36,Junkrat,Ranged Assassin,0
Kael'thas,Towers of Doom,49.53,64.49,43.5,Kaelthas,Ranged Assassin,0
Kel'Thuzad,Towers of Doom,50.63,17.32,7.78,Kelthuzad,Ranged Assassin,0
Kerrigan,Towers of Doom,53.31,5.42,0.39,Kerrigan,Melee Assassin,0
Kharazim,Towers of Doom,51.1,7.26,0.22,Kharazim,Healer,0
Leoric,Towers of Doom,51.64,12.71,0.84,Leoric,Bruiser,0
Li Li,Towers of Doom,49.44,28.53,7.57,Lili,Healer,0
Li-Ming,Towers of Doom,46.55,35.86,6.18,Liming,Ranged Assassin,0
Lt. Morales,Towers of Doom,49.82,11.97,2.99,Ltmorales,Healer,0
Lúcio,Towers of Doom,51.87,24.98,5.72,Lucio,Healer,0
Lunara,Towers of Doom,53.52,12.8,0.96,Lunara,Ranged Assassin,0
Maiev,Towers of Doom,52,9.53,3.75,Maiev,Melee Assassin,0
Mal'Ganis,Towers of Doom,51.63,11.8,3.69,Malganis,Tank,0
Malfurion,Towers of Doom,49.64,11.06,1.51,Malfurion,Healer,0
Malthael,Towers of Doom,53.92,11.66,1.92,Malthael,Bruiser,0
Medivh,Towers of Doom,47.88,6.9,1.21,Medivh,Support,0
Mephisto,Towers of Doom,47.44,5.25,0.3,Mephisto,Ranged Assassin,0
Muradin,Towers of Doom,49.8,29.94,2.95,Muradin,Tank,0
Murky,Towers of Doom,52,4.02,0.67,Murky,Melee Assassin,0
Nazeebo,Towers of Doom,49.88,18.32,2.01,Nazeebo,Ranged Assassin,0
Nova,Towers of Doom,51.15,6.17,0.52,Nova,Ranged Assassin,0
Orphea,Towers of Doom,50.39,15,2.85,Orphea,Ranged Assassin,0
Probius,Towers of Doom,49.61,1.13,0.17,Probius,Ranged Assassin,0
Qhira,Towers of Doom,48.95,23.55,18.22,Qhira,Melee Assassin,0
Ragnaros,Towers of Doom,47.47,4.71,0.68,Ragnaros,Bruiser,0
Raynor,Towers of Doom,53.15,26.77,2.78,Raynor,Ranged Assassin,0
Rehgar,Towers of Doom,52.63,17.17,1.32,Rehgar,Healer,0
Rexxar,Towers of Doom,56.59,6.26,1.16,Rexxar,Bruiser,0
Samuro,Towers of Doom,54.64,4.28,1.03,Samuro,Melee Assassin,0
Sgt. Hammer,Towers of Doom,46.93,3.89,0.93,Sgthammer,Ranged Assassin,0
Sonya,Towers of Doom,48.55,8.67,0.59,Sonya,Bruiser,0
Stitches,Towers of Doom,47.61,24.66,3.12,Stitches,Tank,0
Stukov,Towers of Doom,47.84,15.83,3.56,Stukov,Healer,0
Sylvanas,Towers of Doom,51.64,25.95,6.11,Sylvanas,Ranged Assassin,0
Tassadar,Towers of Doom,42.88,3.32,0.32,Tassadar,Support,0
The Butcher,Towers of Doom,52.66,9.07,2.19,Thebutcher,Melee Assassin,0
The Lost Vikings,Towers of Doom,51.37,2.71,1.07,Thelostvikings,Support,0
Thrall,Towers of Doom,50.18,22.15,1.18,Thrall,Bruiser,0
Tracer,Towers of Doom,47.91,5.71,0.83,Tracer,Ranged Assassin,0
Tychus,Towers of Doom,51.71,12.37,1.52,Tychus,Ranged Assassin,0
Tyrael,Towers of Doom,48.49,7.66,0.33,Tyrael,Tank,0
Tyrande,Towers of Doom,52.35,13.13,1.92,Tyrande,Healer,0
Uther,Towers of Doom,55.1,15.15,2.24,Uther,Healer,0
Valeera,Towers of Doom,48.54,5.12,0.78,Valeera,Melee Assassin,0
Valla,Towers of Doom,49.77,17.67,1.88,Valla,Ranged Assassin,0
Varian,Towers of Doom,51.29,36.06,11.99,Varian,Bruiser,0
Whitemane,Towers of Doom,49.09,5.61,0.54,Whitemane,Healer,0
Xul,Towers of Doom,53.05,5.91,0.4,Xul,Bruiser,0
Yrel,Towers of Doom,45.91,3.27,0.11,Yrel,Bruiser,0
Zagara,Towers of Doom,51.96,6.6,1.07,Zagara,Ranged Assassin,0
Zarya,Towers of Doom,49.44,6.45,0.41,Zarya,Support,0
Zeratul,Towers of Doom,49.72,25.78,15.19,Zeratul,Melee Assassin,0
Zul'jin,Towers of Doom,52.55,17.69,2.81,Zuljin,Ranged Assassin,0
Abathur,Volskaya Foundry,48.61,9.03,5.19,Abathur,Support,0
Alarak,Volskaya Foundry,52.57,26.24,17.23,Alarak,Melee Assassin,0
Alexstrasza,Volskaya Foundry,47.2,10.85,2.46,Alexstrasza,Healer,0
Ana,Volskaya Foundry,52.55,23.97,11.55,Ana,Healer,0
Anduin,Volskaya Foundry,47.84,14.17,5.57,Anduin,Healer,0
Anub'arak,Volskaya Foundry,52.99,21.97,10.76,Anubarak,Tank,0
Artanis,Volskaya Foundry,49.78,10.92,1.3,Artanis,Bruiser,0
Arthas,Volskaya Foundry,49.77,13.04,2.75,Arthas,Tank,0
Auriel,Volskaya Foundry,49.73,8.21,1.32,Auriel,Healer,0
Azmodan,Volskaya Foundry,49.46,18.98,10.37,Azmodan,Ranged Assassin,0
Blaze,Volskaya Foundry,47.61,5.74,0.44,Blaze,Tank,0
Brightwing,Volskaya Foundry,50.26,11.26,2.15,Brightwing,Healer,0
Cassia,Volskaya Foundry,45.51,4.52,0.42,Cassia,Ranged Assassin,0
Chen,Volskaya Foundry,50.84,4.98,2.62,Chen,Bruiser,0
Cho,Volskaya Foundry,41.11,1.22,0.55,Cho,Tank,0
Chromie,Volskaya Foundry,50.72,11.38,2.54,Chromie,Ranged Assassin,0
D.Va,Volskaya Foundry,47.08,3.47,0.24,Dva,Bruiser,0
Deathwing,Volskaya Foundry,65.96,6.08,5.26,Deathwing,Bruiser,0
Deckard,Volskaya Foundry,49.57,6.43,0.63,Deckard,Healer,0
Dehaka,Volskaya Foundry,46.77,2.58,0.5,Dehaka,Bruiser,0
Diablo,Volskaya Foundry,46.11,33.96,18.98,Diablo,Tank,0
E.T.C,Volskaya Foundry,51.45,25.92,10.11,Etc,Tank,0
Falstad,Volskaya Foundry,50.46,8.01,1.01,Falstad,Ranged Assassin,0
Fenix,Volskaya Foundry,51.99,5.95,0.31,Fenix,Ranged Assassin,0
Gall,Volskaya Foundry,41.11,0.98,0.31,Gall,Ranged Assassin,0
Garrosh,Volskaya Foundry,48.71,30.67,19.21,Garrosh,Tank,0
Gazlowe,Volskaya Foundry,52.29,4.23,0.43,Gazlowe,Melee Assassin,0
Genji,Volskaya Foundry,40.99,5.78,1.46,Genji,Ranged Assassin,0
Greymane,Volskaya Foundry,48.04,7.75,1.03,Greymane,Ranged Assassin,0
Gul'dan,Volskaya Foundry,46.93,11.49,2.46,Guldan,Ranged Assassin,0
Hanzo,Volskaya Foundry,44.62,12.89,2.54,Hanzo,Ranged Assassin,0
Illidan,Volskaya Foundry,48.54,3.34,0.61,Illidan,Melee Assassin,0
Imperius,Volskaya Foundry,46.01,10.95,1.19,Imperius,Bruiser,0
Jaina,Volskaya Foundry,49.79,17.98,3.83,Jaina,Ranged Assassin,0
Johanna,Volskaya Foundry,52.43,32.06,10.94,Johanna,Tank,0
Junkrat,Volskaya Foundry,48.2,8.53,1.35,Junkrat,Ranged Assassin,0
Kael'thas,Volskaya Foundry,51.33,42.66,28.65,Kaelthas,Ranged Assassin,0
Kel'Thuzad,Volskaya Foundry,49.75,14.12,6.27,Kelthuzad,Ranged Assassin,0
Kerrigan,Volskaya Foundry,53.15,2.94,0.26,Kerrigan,Melee Assassin,0
Kharazim,Volskaya Foundry,49.83,3.67,0.11,Kharazim,Healer,0
Leoric,Volskaya Foundry,52.25,8.87,0.62,Leoric,Bruiser,0
Li Li,Volskaya Foundry,48.09,17.24,4.69,Lili,Healer,0
Li-Ming,Volskaya Foundry,49.13,21.83,4.3,Liming,Ranged Assassin,0
Lt. Morales,Volskaya Foundry,49.39,8.37,2.21,Ltmorales,Healer,0
Lúcio,Volskaya Foundry,50.22,18.07,4.42,Lucio,Healer,0
Lunara,Volskaya Foundry,50.41,7.66,0.69,Lunara,Ranged Assassin,0
Maiev,Volskaya Foundry,52.18,7.06,2.44,Maiev,Melee Assassin,0
Mal'Ganis,Volskaya Foundry,50.59,9.37,3.08,Malganis,Tank,0
Malfurion,Volskaya Foundry,50.13,7.89,1.15,Malfurion,Healer,0
Malthael,Volskaya Foundry,49.07,6.16,1.08,Malthael,Bruiser,0
Medivh,Volskaya Foundry,45.96,3.77,0.51,Medivh,Support,0
Mephisto,Volskaya Foundry,50.52,4.82,0.28,Mephisto,Ranged Assassin,0
Muradin,Volskaya Foundry,47.18,17.03,1.38,Muradin,Tank,0
Murky,Volskaya Foundry,50.91,2.87,0.4,Murky,Melee Assassin,0
Nazeebo,Volskaya Foundry,52.33,18.05,1.86,Nazeebo,Ranged Assassin,0
Nova,Volskaya Foundry,45.72,2.92,0.28,Nova,Ranged Assassin,0
Orphea,Volskaya Foundry,46.86,10.09,1.92,Orphea,Ranged Assassin,0
Probius,Volskaya Foundry,54.43,1.11,0.15,Probius,Ranged Assassin,0
Qhira,Volskaya Foundry,42.77,23.62,18.61,Qhira,Melee Assassin,0
Ragnaros,Volskaya Foundry,50.32,5.21,0.93,Ragnaros,Bruiser,0
Raynor,Volskaya Foundry,52.08,15.99,1.54,Raynor,Ranged Assassin,0
Rehgar,Volskaya Foundry,54.03,10.26,0.9,Rehgar,Healer,0
Rexxar,Volskaya Foundry,56.16,5.36,1.34,Rexxar,Bruiser,0
Samuro,Volskaya Foundry,55.23,2.05,0.53,Samuro,Melee Assassin,0
Sgt. Hammer,Volskaya Foundry,50.09,3.58,0.83,Sgthammer,Ranged Assassin,0
Sonya,Volskaya Foundry,49.98,5.68,0.41,Sonya,Bruiser,0
Stitches,Volskaya Foundry,49.76,14.09,1.43,Stitches,Tank,0
Stukov,Volskaya Foundry,49.96,13.22,3.22,Stukov,Healer,0
Sylvanas,Volskaya Foundry,52.23,14.74,2.83,Sylvanas,Ranged Assassin,0
Tassadar,Volskaya Foundry,48.65,2.47,0.26,Tassadar,Support,0
The Butcher,Volskaya Foundry,50.53,5.33,1.35,Thebutcher,Melee Assassin,0
The Lost Vikings,Volskaya Foundry,45.58,0.81,0.27,Thelostvikings,Support,0
Thrall,Volskaya Foundry,53.19,18.6,1.01,Thrall,Bruiser,0
Tracer,Volskaya Foundry,48.87,3.06,0.42,Tracer,Ranged Assassin,0
Tychus,Volskaya Foundry,49,7.84,0.99,Tychus,Ranged Assassin,0
Tyrael,Volskaya Foundry,49.58,4.71,0.22,Tyrael,Tank,0
Tyrande,Volskaya Foundry,48.31,6.07,0.68,Tyrande,Healer,0
Uther,Volskaya Foundry,54.79,8.34,1.27,Uther,Healer,0
Valeera,Volskaya Foundry,47.65,2.51,0.39,Valeera,Melee Assassin,0
Valla,Volskaya Foundry,49.83,12.25,1.55,Valla,Ranged Assassin,0
Varian,Volskaya Foundry,50.45,21.32,7.33,Varian,Bruiser,0
Whitemane,Volskaya Foundry,46.93,4.14,0.38,Whitemane,Healer,0
Xul,Volskaya Foundry,47.67,2.4,0.11,Xul,Bruiser,0
Yrel,Volskaya Foundry,43.94,2.08,0.11,Yrel,Bruiser,0
Zagara,Volskaya Foundry,48.78,3.46,0.51,Zagara,Ranged Assassin,0
Zarya,Volskaya Foundry,48.94,5.27,0.35,Zarya,Support,0
Zeratul,Volskaya Foundry,51.44,11.24,5.97,Zeratul,Melee Assassin,0
Zul'jin,Volskaya Foundry,56.04,16.81,2.7,Zuljin,Ranged Assassin,0